Subject,Covid_Exp1,Covid_Exp2,Belief_Exp1,Belief_Exp2,Covid_Rem,Belief_Rem,BCovid_Rem,BBelief_Rem
546f8a9cfdf99b4a593414ea,1.117647059,1.176470588,1.6,1.6,1.117647059,1.8,0.030056406,0.200410959
5484fd09fdf99b38dfb9645c,1.411764706,1.333333333,3.25,3.2,1.8125,3.8,0.203531678,0.699726027
5490c822fdf99b71ba910e1a,1.833333333,1.470588235,2.8,2.2,1.705882353,3.4,0.176913779,0.599863014
54af2a48fdf99b09c01b3801,2.117647059,1.764705882,3.2,2.2,2.117647059,3,0.27971394,0.5
550bb70bfdf99b6853dab45e,1.470588235,1.4,4.2,3.2,1.733333333,4.2,0.183767123,0.799589041
557d84c8fdf99b4d577438df,2.176470588,1.470588235,1,1.4,1.352941176,1.2,0.088799355,0.050616438
5588d358fdf99b304ee5674f,2.666666667,2.538461538,2.8,2.4,3.333333333,3.6,0.583219178,0.649794521
558acd52fdf99b65685f03d9,1,1.666666667,1,1,2,1.333333333,0.250342466,0.08390411
5591cd21fdf99b63126f6c60,2.416666667,1.235294118,3.4,2.8,1.235294118,3.4,0.059427881,0.599863014
559d9916fdf99b1e2b2dc6b8,1.25,1,3.666666667,2.2,1,2.2,0.000684932,0.300273973
559ef308fdf99b2616ff2a4f,2.222222222,1.470588235,4,2.4,1.529411765,3.2,0.132856567,0.549931507
559fa17cfdf99b69c369d364,1.823529412,1.235294118,3,2,1.588235294,1.4,0.147542305,0.100547945
55b237e6fdf99b19ea79d2f7,2.647058824,1.625,3.2,2.6,2,3.8,0.250342466,0.699726027
55b9a9b0fdf99b6906d2aba4,1.181818182,1,2.4,2,1,2,0.000684932,0.250342466
55be9292fdf99b4c861994d8,2.416666667,3.333333333,4,4,2.25,3.25,0.312756849,0.562414384
55cd909c34e906000a8d1e1e,1.3125,2.142857143,3,3,2.142857143,3,0.286007828,0.5
55ddb84550a1f7000b90d65a,1.294117647,2,2.6,2.4,2.235294118,2.8,0.309085415,0.450068493
55ef4896b9401300137f40ac,2.764705882,1.647058824,3.6,3.2,2.764705882,3.8,0.441257051,0.699726027
55f63fc432af740012171ef6,1.588235294,1.470588235,2.8,1.8,2,3.4,0.250342466,0.599863014
56259489ed6e5a0005c80fde,1.285714286,2,3.6,3.2,1.5,4,0.125513699,0.749657534
5687d85e369319000c269c55,1.705882353,1,1.6,3.8,1.75,4.6,0.187928082,0.899452055
56d0f57421cd29000a9737e4,1.666666667,1.294117647,3,2.8,1.470588235,2.8,0.11817083,0.450068493
56e130548b1c33000a388671,2.545454545,2.333333333,3.6,3,2.533333333,3.4,0.383493151,0.599863014
56e1bbcb6ce054000b3ffcb8,2.529411765,1.6875,3.6,2.4,3.625,4.2,0.656035959,0.799589041
56e6a66af6ed900006a5867c,3.25,3.5625,3.6,3.4,3.0625,3.4,0.515603596,0.599863014
56ec151f388e1d000a5924d0,3.083333333,2.4,3,3.4,2.7,3.6,0.42510274,0.649794521
56f0393f3f71990005d0e66d,1.176470588,1.235294118,2.8,2,1.941176471,2.4,0.235656728,0.350205479
56f9364e895094000c8f4967,1.176470588,1.117647059,1.8,2.4,1.411764706,2.4,0.103485093,0.350205479
56fa002e8425ef000b3a4276,1.133333333,1.647058824,2.2,2.6,1.588235294,3.4,0.147542305,0.599863014
56fdff4ee0f9ff000f19c466,1.333333333,1.25,1.8,1.6,1.333333333,2.4,0.08390411,0.350205479
570521cfde5095001018a0c8,1.117647059,1.25,1.4,1.4,1,1,0.000684932,0.000684932
576017836442fa0006cfb7cd,1,1.142857143,3,2.2,1.133333333,3.4,0.033972603,0.599863014
5761c23632676f0007eb36b3,1.470588235,1.5,2,1.4,1.4,2.4,0.100547945,0.350205479
57656f6c2bfddf000125cce5,2.352941176,2.058823529,3.4,2.4,2.058823529,3.4,0.265028203,0.599863014
578673a9275be6000135880e,1.8,1.125,1.2,1.4,1.866666667,2,0.217054795,0.250342466
57a761c22fc0d400012c9656,3.823529412,1.705882353,3.8,2.8,2.588235294,3.6,0.397199839,0.649794521
57b60487e5b60d0001083aea,3,3.222222222,3,3.5,2.5,3,0.375171233,0.5
57b9bafdfc23450001acc1ac,2.642857143,1.6,3.2,1.8,1.75,3,0.187928082,0.5
57bb6878eb28030001f7ea94,4.076923077,4.384615385,4.4,3.6,4.214285714,4.2,0.803155577,0.799589041
57bca845e2101600015e8e88,1.076923077,1.0625,4,3,1.3125,3.8,0.078702911,0.699726027
57d6dd8d6598aa000199188b,3,3.615384615,3.2,3.8,3.846153846,3.8,0.711248683,0.699726027
57dd766bbcd7150001ded5de,2.066666667,2,2.4,2.2,1.9375,2.4,0.23473887,0.350205479
57e7bb4e73e67300012b8e2a,1.470588235,1.642857143,2.8,4.2,2,3.6,0.250342466,0.649794521
5800e50de3536e00012840f4,1.133333333,1,1.8,1,1,1,0.000684932,0.000684932
58066bf52d948b00014ba876,2.727272727,3.285714286,3.8,4.4,2.933333333,3.6,0.483356164,0.649794521
5825ecee95f3030001cf889a,2.058823529,1.235294118,3.2,3.6,1.294117647,3,0.074113618,0.5
5831f08ebfb3b400015a6ad4,2.352941176,3.117647059,5,4,2.823529412,4.2,0.455942788,0.799589041
583b397f54686200010f1d20,1.272727273,3,2,4.75,2.375,4.5,0.343964041,0.874486301
583f12f545073d0001fac52d,3.333333333,2.058823529,3.2,3,3.823529412,5,0.705600322,0.999315068
58474a9c89af6500017f4cd6,2.235294118,2.176470588,3.2,2.6,2.352941176,4,0.33845689,0.749657534
58742bf5d53c97000159df8c,2.8,1.625,3,3,1.4375,2.8,0.109910103,0.450068493
589a46af57995d0001a8a03a,1.588235294,1.705882353,2.2,3,3.235294118,3.4,0.558742949,0.599863014
58a43e029a17120001d910d5,2.352941176,2,2.8,2.25,2.727272727,4,0.431911582,0.749657534
58a63a64ea3d11000170e1cc,1.470588235,1.769230769,2,3,2.071428571,2.6,0.268175147,0.400136986
58ac890076c5b70001662993,1,1.1875,2.6,1.8,1.125,1.8,0.031892123,0.200410959
58dc1373463f960001ba45b3,1,1.176470588,1.6,2.6,1.235294118,2.8,0.059427881,0.450068493
58e79ac632bebb0001b741ec,3.352941176,1.294117647,3.8,2.6,2.352941176,3.4,0.33845689,0.599863014
58ed2be2a083320001a13783,1.470588235,1,1.4,1,2.727272727,1.8,0.431911582,0.200410959
58effc65c31d4d00015aa5b9,1.470588235,1.117647059,3,2.6,2.117647059,3.2,0.27971394,0.549931507
58f10189738cac000116d3ab,3.294117647,2.117647059,3.6,2.4,2.705882353,4.4,0.426571313,0.849520548
59296fb2e8a7ff000163f033,2,1.764705882,2,2,1.764705882,2,0.191599517,0.250342466
592e85797b619d0001cb07e9,2.583333333,2.666666667,3.2,1.8,2.545454545,3.2,0.386519303,0.549931507
59347d4f53490b0001563e47,1.235294118,1.25,1.4,2,1.470588235,3,0.11817083,0.5
59417543c768a500011c9731,2.181818182,2.25,2.6,2.25,2.625,2.75,0.406378425,0.437585616
5953d01e4d560700016462da,1,1,1.5,1,1,1.8,0.000684932,0.200410959
595b93be7882150001240e21,2.153846154,1.4,2.8,2.4,1.666666667,3.8,0.167123288,0.699726027
59658491b9153e0001617465,2.454545455,1.866666667,2.8,2.4,2.090909091,3.4,0.273038605,0.599863014
597fe89a1b41a20001749f57,2.285714286,1.5625,4,2.6,2.3125,3.6,0.328360445,0.649794521
5987c9f26ab9880001b5b04d,2,1.909090909,1.6,2,2.833333333,3.6,0.458390411,0.649794521
5993020a5f49420001caf86b,2.375,1.6875,4,3,2.875,4.6,0.468792808,0.899452055
59977c8ba7b2400001523396,2.857142857,2.8,4.4,2.2,1.941176471,2.4,0.235656728,0.350205479
599be3660ed7ae0001991db9,2.583333333,3.6875,3,4,3.625,4.8,0.656035959,0.949383562
599eaf0fbfd73c00010ea24e,2.636363636,2.727272727,3.8,3.8,2.583333333,3.8,0.395976027,0.699726027
599ec7dc617ca80001fcd124,2.352941176,2,3.6,3.8,2.5625,3.8,0.390774829,0.699726027
59a1de0cec2f75000124eeaf,1.352941176,1,1.6,1.6,1.058823529,2.4,0.015370669,0.350205479
59ad6f1e09709e00013c2ba5,2.133333333,1.764705882,4,3.8,2.1875,4.6,0.297153253,0.899452055
59c0782e5364260001dc4740,1.235294118,1,2.6,4.6,1,4.6,0.000684932,0.899452055
59c6305e6a287600011c388d,2.882352941,3,3.6,3.6,3.529411765,3.4,0.632171636,0.599863014
59dc458f77860e000151240e,1.083333333,1.466666667,2,2,1.214285714,2,0.054182975,0.250342466
59e833e72f63d30001c8fb86,2.076923077,1.647058824,4,2.4,2.176470588,4.4,0.294399678,0.849520548
59f226a9d6380600018b2923,1.666666667,NA,2.666666667,2.2,2,2.2,0.250342466,0.300273973
5a03d20a7ecfc50001be0a7a,2.214285714,1.428571429,2.8,2,1.857142857,3,0.214677104,0.5
5a04869ff2e3460001edad2e,2,1.875,2.8,2.2,2.666666667,2.4,0.416780822,0.350205479
5a0d9553fe645f0001e9f852,1.294117647,1.6875,2.8,2.8,1.5,2.6,0.125513699,0.400136986
5a212dcc7b108200011e040c,2.117647059,1.785714286,3.6,3,3.8,4.4,0.699726027,0.849520548
5a21b2e1e473b80001baaa09,1.6875,1.266666667,3.4,3.4,1.933333333,3.6,0.23369863,0.649794521
5a3bdd2c8d005a0001829f3e,1,1,2.2,1.75,1,1.6,0.000684932,0.150479452
5a49d6a06d85f80001c25bc4,2,2,2.25,1.5,2.333333333,2.5,0.333561644,0.375171233
5a4bf09053a4560001ba0ebf,2.5,1.909090909,3.2,2.6,2.6,3.4,0.400136986,0.599863014
5a5c23afe0cf3d0001268781,1.375,1.133333333,2.6,3.2,1.625,3.2,0.15672089,0.549931507
5a5d7a42acc75b00017a8193,2.875,2.428571429,3.2,3,2.923076923,3.2,0.480795574,0.549931507
5a6f1ccade1f390001dbd8b7,3.692307692,3.529411765,4.6,4,4.058823529,5,0.764343272,0.999315068
5a708ef2f1530b000103bfab,2.4,2.636363636,3,3.2,2.714285714,2.6,0.428669276,0.400136986
5a78e410ae9a0b0001a97274,2.833333333,3,3,3,2.888888889,3,0.472260274,0.5
5a7cb079aa46dd00016b5bfb,4.125,2.888888889,4.4,4.4,3.666666667,5,0.666438356,0.999315068
5a8891155292b800012316a8,2.571428571,3.181818182,3.4,3.4,2,3,0.250342466,0.5
5a91877e777df200015fa0f5,1.117647059,1,1.4,1.4,1,2.2,0.000684932,0.300273973
5a9262251eda410001360b2c,2.583333333,1.846153846,4.25,2,2.071428571,2.8,0.268175147,0.450068493
5a947fb0f05361000171b5a3,3.25,2.411764706,3.6,3.2,3.411764706,4.2,0.602800161,0.799589041
5aa55cf8dbdb470001ef4cc5,1.875,1,1.4,1.4,2.176470588,4,0.294399678,0.749657534
5aa637861eda41000136d5d2,2.714285714,2.384615385,3,2,2.307692308,2.75,0.327160169,0.437585616
5aa806e7777df200016088c5,2.727272727,3.090909091,4,4.4,4,5,0.749657534,0.999315068
5ab415206db3e700011bde54,3.090909091,1.882352941,3.2,2.8,2.588235294,3.8,0.397199839,0.699726027
5ab8026547a9f7000153a324,1.529411765,2.117647059,2.6,3.4,2.529411765,3,0.382514102,0.5
5ab84333f69e940001d8f0af,1.5,1.470588235,2.8,1.8,1.411764706,1.8,0.103485093,0.200410959
5ac6cc039534ba0001c75642,1.5,1.266666667,4,2.2,1.5,3.75,0.125513699,0.687243151
5ace650a436f550001004f87,2.294117647,1.705882353,4.6,4.2,2.352941176,3.8,0.33845689,0.699726027
5ad9cc7ddfcfcb0001e667f3,1.3125,2.0625,1.4,2.4,2.0625,2.8,0.265946062,0.450068493
5aeda69f9457e00001054d76,3.533333333,3.071428571,2.8,2.4,3.714285714,3,0.67832681,0.5
5aeeb4903c80f200013af2ed,1.058823529,1.705882353,2.4,2.8,2,4,0.250342466,0.749657534
5b0fa626bd9c310001568d6c,2.529411765,2.75,4.4,3,3,4.2,0.5,0.799589041
5b15307351caaf0001228d9b,1.294117647,1,2.4,1.4,2.294117647,3.6,0.323771152,0.649794521
5b15de5cbd9c310001570400,2.411764706,2.411764706,2,3.4,4.294117647,4.4,0.823086221,0.849520548
5b16ceb0bdf4e10001630f58,1.764705882,2.235294118,3,3.4,2.705882353,3.4,0.426571313,0.599863014
5b197b8088ee7400012ae154,3.214285714,1.117647059,3,1,4.5625,4,0.890089897,0.749657534
5b25c819a7cee100011d9091,2.1875,2.117647059,4.8,4,1.705882353,3.4,0.176913779,0.599863014
5b26ed8a8ecf3f0001619040,2.588235294,1.705882353,3.8,2.4,1.882352941,3.6,0.220970991,0.649794521
5b32c0ff975e260001e97d0e,2.5,1.588235294,2.4,1.8,2.411764706,3,0.353142627,0.5
5b3e3a299a6a140001222ea1,3.176470588,3.235294118,4,3.6,3.764705882,4,0.690914585,0.749657534
5b457ba9eb64c200015bbab1,3.25,2.176470588,3.4,2.4,3.4,3.8,0.599863014,0.699726027
5b4d31673d01bd0001ec447e,3.642857143,3.166666667,3.6,3.2,3.2,4,0.549931507,0.749657534
5b4d39f2d4c93b00019c8217,2.6875,2.5,3.4,3.4,2.470588235,3.4,0.367828364,0.599863014
5b5a822e1ad8270001c4f28d,1.875,1.9,4.2,3.2,2.25,2.6,0.312756849,0.400136986
5b5c8d4e10aec90001ed4bee,1.5,1.235294118,2,1.2,1.470588235,1.6,0.11817083,0.150479452
5b619b6c5256470001bcf992,1.625,1.352941176,2.6,3.4,1.411764706,2.8,0.103485093,0.450068493
5b707a406f0ed10001bfb973,1.071428571,1.4,2,2,1.066666667,2.8,0.017328767,0.450068493
5b76ce43bfc4cb0001f2c4c3,2.117647059,2.176470588,3,3.2,2,2.4,0.250342466,0.350205479
5b76d0f5fca8d9000139404c,1.181818182,1,2,2,2,2,0.250342466,0.250342466
5b7cbe9db630cf000125dffe,1.4,1.25,3,2.2,1.5625,4.2,0.141117295,0.799589041
5b954f10754b700001f06bf0,2.545454545,2.1,5,4,2,3.6,0.250342466,0.649794521
5b97f70161c19e00018db4a8,2.4,1.733333333,3.4,2.4,2.066666667,2.8,0.266986301,0.450068493
5b97f8988ae8150001c7a887,2.454545455,3,3.8,3.2,3.384615385,4.2,0.596022129,0.799589041
5b9ec956c8a17f000171f7ad,1.25,1.117647059,1,1.8,1.529411765,2.4,0.132856567,0.350205479
5b9efb73d1ff7a00013bfe84,2.466666667,1.642857143,3.6,2.6,1.833333333,3,0.208732877,0.5
5bcb229aa8920a00013060fa,3,2.0625,3.4,3.2,2.647058824,4,0.411885576,0.749657534
5bcd295277740000016ab0a5,3,2.2,3.5,4.2,2.3,3.8,0.325239726,0.699726027
5bd9f569eb22f2000183df4e,3.058823529,2.588235294,4,3.2,3.058823529,4.6,0.514685737,0.899452055
5bd9fed6780d50000109c503,2.444444444,2,2.5,2.5,2.083333333,4,0.27114726,0.749657534
5bdbf2d92562330001b8d056,1.846153846,1.117647059,3,1.4,1.411764706,2.4,0.103485093,0.350205479
5bdc4d25a49c2800019e1c24,2.384615385,2.3,3.5,3,3.545454545,4,0.636176837,0.749657534
5bddd64b48428800013061a6,3.866666667,3.357142857,3,2.4,3.1875,3.6,0.546810788,0.649794521
5bddf0f876219d00014b145e,3.363636364,1.928571429,4.2,3.6,3.142857143,3.6,0.535665362,0.649794521
5be0a65507684000010cf0f9,3.733333333,2.411764706,4.25,3.2,3.375,4.2,0.593621575,0.799589041
5be2e7e491deed00015adcb0,1.352941176,2,3,2.6,2.058823529,3,0.265028203,0.5
5be781ca3b047e0001a39e47,2.272727273,2.090909091,3.8,4.6,1,3.8,0.000684932,0.699726027
5beb8419aec9ef0001e9d5fb,1,1,1,1.2,1,1.2,0.000684932,0.050616438
5bef87523d79ff0001275154,1.615384615,1,1.8,2,1.625,2.6,0.15672089,0.400136986
5bf08e67d63d690001360a79,1.583333333,1.416666667,3.2,2.4,1.727272727,2.8,0.182254047,0.450068493
5bf17270871dd1000197226e,NA,3.588235294,4.6,2.8,2.941176471,3.2,0.485314263,0.549931507
5bf32090a155c300016f3c06,1.352941176,1.294117647,1.4,1.4,1.470588235,1.4,0.11817083,0.100547945
5bf5ab78f35e0c000101b657,3.5,2.666666667,4,2.6,2.777777778,3.2,0.444520548,0.549931507
5bf720e60b616400019c6c6c,1,1.133333333,4,NA,1.928571429,4,0.232509785,0.749657534
5bfd81fb2feab400014d9060,1.117647059,2,2.6,2.8,2.411764706,3.2,0.353142627,0.549931507
5c0023fb2213be0001c2cdde,2.214285714,2.714285714,4,4.2,3.1875,3.4,0.546810788,0.599863014
5c003b5c2c8cc1000138e25f,3.375,2.5,4.2,2.6,3,4.4,0.5,0.849520548
5c0150326a0c6e00013c6068,2.117647059,2.176470588,3.2,3,1.882352941,3,0.220970991,0.5
5c03217b1a20110001e979f0,2.416666667,1.75,2.6,2.4,1.857142857,3,0.214677104,0.5
5c05ff644c14cf00019db0a9,3.588235294,3.882352941,3.8,4,3.882352941,4,0.72028606,0.749657534
5c0990b854deae0001ac693c,3.647058824,2.647058824,5,5,2.529411765,4.6,0.382514102,0.899452055
5c0a696aa4e5fc0001759543,1.846153846,2.571428571,3,3.2,2.533333333,4.2,0.383493151,0.799589041
5c0f1cf4f3027300014b606f,2.666666667,2.176470588,2.8,2.8,2.529411765,3.2,0.382514102,0.549931507
5c101f812a1a620001f04007,1.454545455,2.8,2.4,2.2,2,2.8,0.250342466,0.450068493
5c11f8202b16ba0001c8b764,1.125,1.6,3.8,2.4,1.6,3.4,0.150479452,0.599863014
5c12521fbf739a0001cfeb03,1.764705882,2.1875,3.2,4.2,2.705882353,3.2,0.426571313,0.549931507
5c1bc0ab84ff14000184c2ce,2.2,2.9375,2.6,3.2,3,3.2,0.5,0.549931507
5c1c137b0739430001693cf5,2.857142857,1.363636364,2.2,2.2,2.4,2.8,0.350205479,0.450068493
5c223d4a4a7e1f000137e5b9,1,1.5625,1,2.6,1.875,3,0.219135274,0.5
5c27f83289f035000174a168,4,3.615384615,5,4.6,3.727272727,4.8,0.681569116,0.949383562
5c28113978fad50001932f58,1.933333333,2,3,4,1.533333333,2.6,0.133835616,0.400136986
5c2cdb4e213a1a0001b9c475,1.625,2.166666667,2.4,3.2,1.25,3,0.063099315,0.5
5c2d187569ceff00011417de,3.2,2.166666667,4.6,2.4,2.333333333,3,0.333561644,0.5
5c2fcd716ea6880001dc8e3d,2.214285714,2.058823529,2.4,2.6,2.588235294,3.8,0.397199839,0.699726027
5c3027ef69d7820001063974,1.823529412,2.384615385,2,2.2,2.058823529,3,0.265028203,0.5
5c31847f10677f0001ddc781,2.727272727,3.3,3.8,4.75,2.615384615,4.4,0.403977871,0.849520548
5c3282cd53d7b10001934577,3.2,3.5,3.2,3,3,2.8,0.5,0.450068493
5c381b1ce4dbd30001fbc9c9,2.1,2.076923077,3.6,2.8,1.846153846,3.8,0.211933614,0.699726027
5c39606586c1450001a9675d,4.25,3.75,4,3.4,4.4375,3.6,0.858882705,0.649794521
5c3a34eebe1ddc0001aa35d6,1.818181818,2.272727273,2.6,3.6,2.411764706,3.8,0.353142627,0.699726027
5c3fb71b36052e00016bb1a6,1.647058824,3.5,2.6,2.8,2.058823529,3.4,0.265028203,0.599863014
5c40e7d99d27f00001159a65,2.272727273,1.923076923,3.5,2.5,2,2.5,0.250342466,0.375171233
5c43349027bb0d0001282427,2.8,1.588235294,2.333333333,3.4,1.625,2.8,0.15672089,0.450068493
5c454961f5e3bc00014ed20b,2,1.4375,2.8,3.25,2.066666667,4.5,0.266986301,0.874486301
5c4684826a7dbc00017c0a87,2.571428571,3,3.2,4,2.25,4.25,0.312756849,0.812071918
5c47d714a8703f0001b6e780,2.153846154,3.235294118,4.2,3.6,2.941176471,3.4,0.485314263,0.599863014
5c4de8f726093e000134ee6e,1.647058824,2.3125,2.4,3.2,2.0625,2.8,0.265946062,0.450068493
5c55fec09fcbc40001dc50b5,1.058823529,1.058823529,2.2,1.8,1,1.8,0.000684932,0.200410959
5c5732a80a537a00019ea4eb,1.470588235,1.352941176,2.6,2.4,2.058823529,2.8,0.265028203,0.450068493
5c57631a47a04100010da795,2.176470588,2.888888889,3.2,2.4,3.090909091,4,0.522696139,0.749657534
5c57c06ed05b82000139682e,2.25,1.6875,4.4,2.6,1.875,3.4,0.219135274,0.599863014
5c586f5eee248f00016b7fe7,2.933333333,2.583333333,4.2,3.6,2.923076923,4.6,0.480795574,0.899452055
5c58e01e6f4ec5000164c35a,1,1.411764706,3.2,5,1.352941176,4.5,0.088799355,0.874486301
5c5aecc774a76f0001a25ced,2.1875,2.5625,2.4,3.4,2.5,3,0.375171233,0.5
5c5deed04ee81200018ebb4a,2.235294118,2.5625,3.2,2.25,3.176470588,3.8,0.544057212,0.699726027
5c5fc78e96dff400013607a5,1.125,1.25,2.2,2.2,1.571428571,2.6,0.14334638,0.400136986
5c6319a0b73d590001ae789d,3.235294118,3.470588235,2.6,3.8,3.529411765,5,0.632171636,0.999315068
5c6a36214fbf270001311702,2.470588235,2.176470588,3.6,2.8,2.235294118,4.75,0.309085415,0.936900685
5c6a3c721519ac0001668582,4,4,3,3.8,3.888888889,4.75,0.721917808,0.936900685
5c6aecbad0fb370001731cac,1.588235294,1.888888889,3.2,3.4,2,3.8,0.250342466,0.699726027
5c6b2f0d5b27b00001a3561f,3.615384615,3.428571429,4,4.2,3.230769231,3.2,0.557613277,0.549931507
5c6d590ca190e0000103ec5f,4,3.4,4.4,3.8,3.529411765,5,0.632171636,0.999315068
5c70852d7826350001565ce4,1,1,2.4,1,1,1,0.000684932,0.000684932
5c71b63c4aa8ec0001f2bfc4,2.833333333,2.235294118,3.2,3.8,2.588235294,4.6,0.397199839,0.899452055
5c720c7278263500015665f9,1.875,1.588235294,3,2.2,2.176470588,3.4,0.294399678,0.599863014
5c742339e621f900163f4543,1.5,1,2.6,2.8,2.5,4.2,0.375171233,0.799589041
5c7a94dc8fbcb100146b6dc7,2,1.25,3.8,2.6,3.066666667,4.8,0.516643836,0.949383562
5c7cf8b58ca9000001b52f6e,3.3125,1.466666667,4.4,1.6,3,3.8,0.5,0.699726027
5c7dcd11f066ff001568e56a,2.375,1.545454545,4,2,2.8,3.2,0.450068493,0.549931507
5c801cd6aaf2af0016478e6f,2.785714286,2.941176471,3.4,3.6,2.941176471,4,0.485314263,0.749657534
5c804f4092ad770015846011,3.6,2.588235294,4.6,3.8,3.733333333,3.2,0.683082192,0.549931507
5c82656bed1753001581fd1e,2.117647059,1.294117647,3,2,1.529411765,2.2,0.132856567,0.300273973
5c82a8cdfff8430015e9942f,1.428571429,1.714285714,2,2.2,2.272727273,3,0.318430884,0.5
5c82d0ac51b0e00015cbd2fc,2.266666667,2.411764706,4.5,3.4,2.294117647,3.6,0.323771152,0.649794521
5c83f1ed20b39a001440b6b1,1.882352941,1.705882353,3.4,3,3.235294118,4,0.558742949,0.749657534
5c8676deddda2d00012ad386,1.714285714,2.647058824,3.6,3.6,2.352941176,3.6,0.33845689,0.649794521
5c871f91e769f8000178afc8,2,1,2.6,1.2,1.058823529,1.2,0.015370669,0.050616438
5c8e1af5c6e10f00010d6212,3.823529412,3.25,5,5,3.166666667,5,0.541609589,0.999315068
5c90094e71f3100016181ea9,3.25,1.636363636,3.2,2,2.909090909,4.4,0.477303861,0.849520548
5c925b0fb138fe0014e4036b,1,1,1.8,1.6,1,1.4,0.000684932,0.100547945
5c92870723bd7e001870138e,1.888888889,1.941176471,3,2.8,2.153846154,3.4,0.288751317,0.599863014
5c92cda483617d0010bef1b8,3,1.764705882,3.8,3.2,2.647058824,3.8,0.411885576,0.699726027
5c935d881754ba001b25697a,2.555555556,1.8,2.4,1.8,2.066666667,2.8,0.266986301,0.450068493
5c9527e29e4f7400011e1571,2.6,1.5,3.6,3,3.181818182,3.6,0.545392279,0.649794521
5c971acab18d000001e1afd7,2.176470588,1.764705882,3.8,3,2.352941176,4.4,0.33845689,0.849520548
5c9a7872e2a8d00001585513,2.25,2.6,3.6,3.2,3.0625,4,0.515603596,0.749657534
5c9ebf067114700016da2813,1.428571429,1.090909091,2.2,1.6,1.4,1.8,0.100547945,0.200410959
5ca272f5caf59c0001a942cb,2.470588235,2.5625,4.2,5,3.0625,5,0.515603596,0.999315068
5cb52a1e33f33d0001249130,1.4375,1.235294118,3.8,2.8,1.529411765,3.2,0.132856567,0.549931507
5cb9bc10e50fe5001746c43b,2.647058824,3.5,3.8,4,3.875,4.4,0.718450342,0.849520548
5cb9ca6814b3cb0017e4f7dd,3.411764706,2.235294118,3.6,3.2,3.176470588,4,0.544057212,0.749657534
5cc1e9161758c700138de977,NA,3.470588235,NA,3,3.470588235,3,0.617485898,0.5
5cd062370081a60017789079,2,1.307692308,4,2.2,2,3.8,0.250342466,0.699726027
5cd321750316ed0017c81bcd,4.25,2.6875,4.2,3.8,3.615384615,3.8,0.653635406,0.699726027
5cdcd4ca9f75db0001411660,1.764705882,1.833333333,2.8,2,3,3.4,0.5,0.599863014
5cec2163d439ae0016596611,1.777777778,1.2,1.4,1.2,1.75,1.8,0.187928082,0.200410959
5ceff2032de4e90015c822c4,2.176470588,1.529411765,1.8,2,2.294117647,2.4,0.323771152,0.350205479
5cf21b7b2456d90001ee8e40,3.5,3.176470588,3,3.25,3.117647059,3.4,0.529371475,0.599863014
5cf5134c8f8ff80019e76721,1.588235294,1.117647059,4.2,2.4,1.5625,1.6,0.141117295,0.150479452
5cf7bfff528ef50001e96f69,2.4,2.8125,3.6,3.2,2.375,2.4,0.343964041,0.350205479
5cfbdcec8483c6001930c1b1,1.058823529,1.176470588,1,1,2.470588235,2.8,0.367828364,0.450068493
5cfc3d486e9951001a0cb8cd,1.3125,1.5,2.8,2,1.571428571,1.8,0.14334638,0.200410959
5cfdd7d53ca1bb00011030d4,2.647058824,3.235294118,3.8,3.8,3.647058824,4,0.66154311,0.749657534
5cfea2427b91e70001423ffb,2.071428571,2,3,2,2.266666667,3.8,0.316917808,0.699726027
5d003450f641130018828b8e,4.764705882,2.411764706,4.2,2.6,3.571428571,4,0.642661448,0.749657534
5d045502bdeaa5000165e935,2.5625,2.8125,3,3,3.294117647,3.25,0.573428687,0.562414384
5d0d16d991270800010b7dd7,1.411764706,2.235294118,1,1.8,2.352941176,3.6,0.33845689,0.649794521
5d0e9d1bf403080016411381,1.571428571,1.4,2.6,1.6,1.583333333,2.4,0.146318493,0.350205479
5d14cea059c33d0001f19bb3,1.875,2.823529412,3.2,1.8,2.647058824,3.2,0.411885576,0.549931507
5d1618630b1f87001715eca7,3.545454545,2.090909091,4,3.6,2.666666667,4.4,0.416780822,0.849520548
5d1beb9c9e033e0017a725dc,2,2.076923077,2.8,3,3.466666667,3.4,0.616506849,0.599863014
5d1d3f10d5669200017b4e46,3.333333333,2.8,3.4,2.8,3,2.8,0.5,0.450068493
5d204134abea8100173fa8a4,1.529411765,1,3.75,1.6,1.882352941,3.6,0.220970991,0.649794521
5d254db8bb2e30001933fe36,2.176470588,2.647058824,4,2.6,2.470588235,3,0.367828364,0.5
5d256c9b3eee7d001541a073,2.058823529,2.363636364,3.4,3.8,2.833333333,4.4,0.458390411,0.849520548
5d264dc7e4a0cb001a3efea6,3.529411765,2.764705882,3.2,3.6,3.176470588,3.8,0.544057212,0.699726027
5d2e56ae72b6780001c66698,3.625,2.8,4.4,4.2,3.1875,4,0.546810788,0.749657534
5d305152b2cfe00019231a2a,2.666666667,3.133333333,4.4,3.2,3.666666667,4.6,0.666438356,0.899452055
5d30a193b2cfe00017231a93,2,1.125,3,2.6,1.625,3.2,0.15672089,0.549931507
5d329756062745001921494a,3.5,2.176470588,3.8,4.4,2.272727273,4,0.318430884,0.749657534
5d338bb02381b7001761694e,2.294117647,1.823529412,3.2,1.8,2.529411765,3.4,0.382514102,0.599863014
5d344bd3b0f315001a122275,1.666666667,1.4,2.4,2.2,2.133333333,3,0.283630137,0.5
5d378df21acda30001e7191e,2.117647059,1.777777778,2.6,2.5,4.1,3.5,0.774623288,0.624828767
5d453e8723a5bb0001492546,1.785714286,1.294117647,1.4,1.2,1.6875,1.2,0.172324486,0.050616438
5d45c2d1da9cb60015aa4312,2.2,1.3125,2.8,2,2.133333333,2.4,0.283630137,0.350205479
5d461284d9b0690001720f6d,1.3,1.1,1.8,1.8,1.4,3.2,0.100547945,0.549931507
5d4702f04f947a0001181420,2.294117647,1.8125,2.8,2.8,2.470588235,3.2,0.367828364,0.549931507
5d478068ff3efc001a89d7de,3.1875,4.470588235,3.4,3.8,2.5625,4.2,0.390774829,0.799589041
5d47abcc2dc88900166f27c9,2.8,2.411764706,4.2,3.8,2.294117647,4.8,0.323771152,0.949383562
5d4a41890e604c00011ade8b,1.5625,1.533333333,3.2,2.2,2.0625,3.2,0.265946062,0.549931507
5d4b265b72db9d0015e8aac6,2,1.666666667,3,3,1.777777778,3,0.194863014,0.5
5d4c7ac3e8ec490018b0050d,3.555555556,3.6,3.8,2.8,3.111111111,4.2,0.527739726,0.799589041
5d4e24cdcc0b630001a2698d,2.785714286,1.705882353,4,4.2,1.933333333,4.2,0.23369863,0.799589041
5d5067b25371ae00191f69c4,3.181818182,2.777777778,5,3.8,3,4.4,0.5,0.849520548
5d54b73f1c1de70015d50959,2.625,2.727272727,3.2,2,2.75,4,0.437585616,0.749657534
5d558ebe886e3f0020e90fce,2.076923077,2.4,3,3,2.6,4,0.400136986,0.749657534
5d55d562e04e1c0001f5e682,1.666666667,1.235294118,3,2,2,4,0.250342466,0.749657534
5d5c265773125e001af7f4cf,2.1875,1.235294118,3.4,2.4,1.647058824,3.6,0.162228042,0.649794521
5d5eeb06d8bcde00162d73f1,3.416666667,2.428571429,4.4,3.4,3.6875,4.6,0.671639555,0.899452055
5d5f07cdca10e90016bc0103,1.529411765,1.6875,2.8,2,2,3,0.250342466,0.5
5d5f31230fc94a001c632b69,1.875,2.142857143,2.4,3,2.8,4.4,0.450068493,0.849520548
5d5fa32a0fc94a0001632ac7,3,2,3,2,2,2.75,0.250342466,0.437585616
5d612ae16512d700159face7,1.470588235,1.571428571,2.6,2.6,2.117647059,3.25,0.27971394,0.562414384
5d6141608a11df001a477fbe,1.117647059,4.411764706,1,4.8,4.529411765,4.6,0.88182917,0.899452055
5d615f7632cfbd001b1b6dcb,1.181818182,NA,1.4,2,1.25,2.2,0.063099315,0.300273973
5d62935aacd67c0015b06e8d,1.9,1.571428571,3,1.8,2,3.4,0.250342466,0.599863014
5d63179aa3b94d0001da4bb6,1.666666667,1.4375,4,3,1.235294118,2.8,0.059427881,0.450068493
5d6394518df2870001a74b42,2,1,3.6,2.2,2.090909091,4,0.273038605,0.749657534
5d66ea7549716000187f26af,1.352941176,2,2.4,3,2.230769231,3.4,0.307955743,0.599863014
5d6d6412f570e000184cf48b,1.5,1.5,1.8,2,2.0625,3,0.265946062,0.5
5d6edb6ada16690017c9b828,2.75,1.666666667,4.4,3.2,1.866666667,3.8,0.217054795,0.699726027
5d6ef023cfe0a400198f911e,2.214285714,1.875,3.2,3,2.25,3.8,0.312756849,0.699726027
5d73b97a40e4bc00019e1db8,2.083333333,2.2,3,2.2,2.2,3,0.300273973,0.5
5d74001d391b6600175f433b,1.923076923,1.2,3.2,2,2.066666667,3.2,0.266986301,0.549931507
5d76a776f6630c0018431c01,2.769230769,1.235294118,2.8,1.6,1.529411765,2,0.132856567,0.250342466
5d78647e4dadc9001a3e34dd,4.181818182,1.9,4.4,4,2.2,3.8,0.300273973,0.699726027
5d7af4ee784e52001b9b02da,3.666666667,2.9375,3.6,2.6,3.0625,3.4,0.515603596,0.599863014
5d82be0cf45ead000150f026,1.411764706,1.1875,2.4,2.6,1.6875,3.8,0.172324486,0.699726027
5d82d28977546f00166ae702,1.294117647,1.235294118,2.2,2.6,1.588235294,3,0.147542305,0.5
5d83d2f1ae7a8b00017ec6a9,2.529411765,1.764705882,3.2,2.8,2.294117647,3.2,0.323771152,0.549931507
5d847ac9be4b0b00188463d7,1.2,1.625,2.2,3.6,1.625,3.4,0.15672089,0.599863014
5d849ee0a954540019f513dd,2,1.384615385,3.25,3.6,2.6,3.8,0.400136986,0.699726027
5d88db42c1d06e001a1fdcab,2.384615385,2.176470588,2.4,2.4,3.470588235,3.2,0.617485898,0.549931507
5d8927d21571f4001c8ce125,2.7,1.941176471,5,4.2,1.470588235,3.8,0.11817083,0.699726027
5d8c46cc53b833001a4bf916,1.294117647,1.176470588,3.8,2.8,1.764705882,3.4,0.191599517,0.599863014
5d8d12f6d88e3a00142c9751,4,2.266666667,2.6,1.8,3.2,2.2,0.549931507,0.300273973
5d8fea94efcbb5001756364b,2.357142857,1.588235294,4.6,4.25,1.647058824,4.5,0.162228042,0.874486301
5d9373b0e04970001ab482da,2.571428571,1,2.75,1.5,2.714285714,3.6,0.428669276,0.649794521
5d93c9c410165c0015326102,2.4,1.470588235,4.4,4,1.470588235,3,0.11817083,0.5
5d94794a521f890016f93604,3.571428571,2.866666667,5,4.2,4.764705882,4.6,0.940572119,0.899452055
5d9a09095223b6001809f1c9,1.818181818,1.235294118,2.6,4,1.235294118,4,0.059427881,0.749657534
5d9f8573ce3daf0015e3e400,1.352941176,1.117647059,1.6,1.6,1.294117647,1.8,0.074113618,0.200410959
5daa18ed95be5f00133609e8,1.5,1.117647059,1.25,1.5,1.266666667,1.4,0.067260274,0.100547945
5daa6f580d55870011370fd3,1.2,2.411764706,3,4.333333333,2.176470588,3.4,0.294399678,0.599863014
5daab7a060ac5d0014235b89,4.181818182,4.647058824,3.6,3.2,3.882352941,3,0.72028606,0.5
5dacf17a6f11e500163e3bc4,1.941176471,2.1875,3,3.8,2.117647059,2.6,0.27971394,0.400136986
5dae25fc2e361800135fbd02,3.882352941,2.294117647,4.4,3.4,3.294117647,3.6,0.573428687,0.649794521
5db0a97f127d4000117cdfa0,3.090909091,2,4,4.4,2.642857143,4,0.410836595,0.749657534
5db222231ff7b4000ab2cfc1,1.647058824,3.625,2.8,4.2,2.875,4,0.468792808,0.749657534
5db3029ffa4efa000a145bde,1.8125,1.588235294,3.8,2.4,1.823529412,3.4,0.206285254,0.599863014
5db3b031efa9f6000cf02400,1.117647059,4,1.8,1.4,3,1.8,0.5,0.200410959
5db6ff8c7f9e6b000dd24a19,1,2.294117647,1,1,1.882352941,1.8,0.220970991,0.200410959
5dba287f9653e80734e335d7,2,1.833333333,2.5,2.4,1.75,3.2,0.187928082,0.549931507
5dbaded2af6b8e0e8c3632ed,1.294117647,1,1.4,1.6,1.176470588,1.8,0.044742143,0.200410959
5dc091fa9be08f03fb01a816,1.571428571,1.5,2.6,2.2,2.071428571,2.8,0.268175147,0.450068493
5dc1c27fb3e5c212018d9e33,1.875,1.666666667,2.4,1.4,1.9,1.6,0.225376712,0.150479452
5dc1cd625fd2031344dfe43d,2.533333333,1.117647059,4.2,1.6,1.647058824,2.6,0.162228042,0.400136986
5dc1eb838a84461511b3cd73,2.916666667,2.133333333,2.4,2.6,3.4,2.6,0.599863014,0.400136986
5dc4175e3317732e53467e8b,1,3.058823529,1,3.8,3.588235294,3,0.646857373,0.5
5dc47ddd034b45342d3b2e3a,1,1,1.25,1,1,1,0.000684932,0.000684932
5dc59aea37023940a0860dea,1.529411765,1.411764706,3.2,3,1.529411765,2.8,0.132856567,0.450068493
5dc8d8b90a0b38630af7a0ba,2.625,1.7,3.4,2.6,1.764705882,3.4,0.191599517,0.599863014
5dcaf5db575da17c63ebb51b,1.352941176,1.411764706,2.2,2.6,1.117647059,1.6,0.030056406,0.150479452
5dcca657854936945d68eaa9,2.692307692,1,4.4,1.8,1.352941176,3.6,0.088799355,0.649794521
5dce29700ad506063969a4a5,1.117647059,1,2,2.2,1.133333333,2.6,0.033972603,0.400136986
5dcefcd0307b8d05031d7264,1.058823529,1.823529412,1,1.6,1.529411765,1.6,0.132856567,0.150479452
5dcf0e94fce60605794da411,1.647058824,2.090909091,4,3.2,2.818181818,4,0.454607721,0.749657534
5dcf402982569a08ddd84086,1.411764706,1.705882353,4.2,4.2,2.6875,4.6,0.421982021,0.899452055
5dcf7b49523df00ae9c4e07e,2.727272727,1.823529412,3,2.4,2.4375,2.6,0.359567637,0.400136986
5dd0c43acaee3e187643d32b,3.470588235,3.625,4.4,2.6,3.3125,3.2,0.578017979,0.549931507
5dd106ec7beb291ab1c63d0f,1,1.647058824,4.2,3,1.411764706,4.4,0.103485093,0.849520548
5dd1964987c1fd2082c4d88e,1.176470588,1.294117647,2.4,1.6,1.529411765,2.2,0.132856567,0.300273973
5dd1ab5dd3ac2a21600f87b8,2.176470588,1.5,3.4,2.8,3.769230769,2.8,0.692044257,0.450068493
5dd2c9f2c925a82e5167ef8b,1,1,3.4,3.6,1,4,0.000684932,0.749657534
5dd3e852b988873c617cd21a,2.941176471,1.647058824,3.4,3.4,3.117647059,4,0.529371475,0.749657534
5dd3e9d93228863b9c89ad1a,1.6,1.466666667,3.2,2.2,1.588235294,2.8,0.147542305,0.450068493
5dd5db1ded7ea4574c7bc996,2.083333333,1.461538462,2,1.8,1.6875,2.2,0.172324486,0.300273973
5ddaa1e583e309a04100bd57,1.235294118,1.470588235,4,2.6,3.25,3,0.562414384,0.5
5ddae85b393bd3a44d7cbaaa,2.058823529,1.9375,3.8,2.8,2.5,3.8,0.375171233,0.699726027
5ddc516e82a527bc2397e6e1,1.294117647,1.352941176,2.6,1.8,1.411764706,2.2,0.103485093,0.300273973
5dde8fba82f458000c8c7c75,2.615384615,4.0625,3.6,3.4,4,4.4,0.749657534,0.849520548
5de01c13c3a15e0a03332169,1.117647059,1.1875,3,3,1.4375,3.2,0.109910103,0.549931507
5de1986c040f531f97eb6092,1.647058824,1.176470588,3,1.8,1.470588235,2.8,0.11817083,0.450068493
5de481c2a49875052fcf6dee,2.2,2.333333333,4,3.5,2.625,4,0.406378425,0.749657534
5de7f5d27c17f804d007da90,3,3.529411765,4.8,4.4,3.882352941,5,0.72028606,0.999315068
5de82c263aa2777a36b996b2,1.176470588,1.235294118,2,1.6,1.470588235,2.8,0.11817083,0.450068493
5de9ca36a484410fdd8a928b,1.875,3.705882353,2.2,3.8,3.4375,4.5,0.609225171,0.874486301
5de9ef512dc5c612021d3038,3,1.181818182,3.4,3.6,2.857142857,3.8,0.464334638,0.699726027
5dea76e109c1071948aed0ff,2.375,2.6875,4,3.4,3.1875,4.4,0.546810788,0.849520548
5dea8a8fcd6328000aeb1cf4,2.058823529,2.058823529,3.2,3.6,2.764705882,4,0.441257051,0.749657534
5deb3c192235ad24f4a21826,1.529411765,1.647058824,2,1.2,2.176470588,3,0.294399678,0.5
5debccb0389fde2b5e13fcea,3.428571429,2.733333333,4.2,3.4,4,4.8,0.749657534,0.949383562
5dec1c522911273179e44dbe,2.25,2.285714286,2.75,3,2.111111111,2.6,0.278082192,0.400136986
5decaac46e09cf3792805023,1.882352941,2,3.8,3,2,4.2,0.250342466,0.799589041
5dee72917309b950e5262f3a,3.333333333,3.5,3.8,4,3.5,4.6,0.624828767,0.899452055
5df162b6c76aa6080c4c7694,2.6,1.583333333,4.2,4,1.428571429,4,0.107681018,0.749657534
5df58b28ecb3ea3ed1ceea37,3.166666667,3.75,4,2.8,3.272727273,4.25,0.568088418,0.812071918
5df97abeabec5d6fcbbc764d,1.8,2.588235294,3.8,4.2,1.470588235,4.4,0.11817083,0.849520548
5dfb693a73d72487b1fe495b,1.8125,1.888888889,3.4,3.4,2.111111111,4,0.278082192,0.749657534
5dfc64647adf4b971f329cbf,3.647058824,3.625,2.8,3.8,3.470588235,3.6,0.617485898,0.649794521
5dfcfabe2b12bd9d55590694,2.714285714,1.176470588,3.8,2.8,2.294117647,4.2,0.323771152,0.799589041
5e025e51a2c696de398fa46b,2.294117647,2.8,4,4,2.666666667,4.6,0.416780822,0.899452055
5e04446a783225ee6e9ed929,2,3.5,1.2,3.6,3,1.4,0.5,0.100547945
5e065bba5a342503b3f3e0bc,3.666666667,2,3.6,4.6,1.785714286,5,0.196844423,0.999315068
5e0d416d13ec504cb9c43cbf,3.333333333,2.4,4,3.4,2.733333333,3.8,0.433424658,0.699726027
5e0e32ee1d4607573dc85b1f,1.705882353,2.176470588,1.4,2.4,2.823529412,3.2,0.455942788,0.549931507
5e0e66730db8925a55fffbd5,2.444444444,1.666666667,3,2.2,1.470588235,2.4,0.11817083,0.350205479
5e121701dc79bd8a1a22ca99,1.545454545,1.545454545,3.2,3.4,1.636363636,2.4,0.159557908,0.350205479
5e121b2b82a955890a9b3484,3.1,3.5,4.2,4.8,3.9,4.6,0.724691781,0.899452055
5e1276f7e69d0a912635da16,1.875,1.692307692,2.6,2.4,2.058823529,2.8,0.265028203,0.450068493
5e13d5a0398bb6a1517fab4c,3.933333333,3.928571429,3.8,3.4,3.769230769,3.2,0.692044257,0.549931507
5e1414d158a5c7a5a1d99be3,2.214285714,2.2,3.8,2.6,2.533333333,3,0.383493151,0.5
5e15e63a4f40fbbd907aff1e,1,1,1.6,1.5,1.333333333,3,0.08390411,0.5
5e175705cfe8dc000b559793,2.933333333,1.823529412,4.2,3.2,2.764705882,4.2,0.441257051,0.799589041
5e1797da928b15062260e30e,2.5,2,4.6,3.2,3.083333333,4,0.520804795,0.749657534
5e1882adfd7db4158998b5f0,1.857142857,1.5,3.6,2,1.866666667,3.4,0.217054795,0.599863014
5e19c8d1477f3b24e0ac5efa,3.692307692,1.941176471,2.6,2.6,3.058823529,3.4,0.514685737,0.599863014
5e1a288a1859772a7ff2700a,3.176470588,2.529411765,3.8,3.4,2.647058824,3.6,0.411885576,0.649794521
5e1b9d3d08b5ba3c86879d5b,3,2.875,3.8,3.6,4.1875,3.8,0.796468322,0.699726027
5e1c138a2bf9514062e4de6b,1.647058824,2,2.8,3.2,2.705882353,4.2,0.426571313,0.799589041
5e1f938b06121f2be0d1ead4,1.571428571,1.529411765,4,3.8,2.235294118,3.8,0.309085415,0.699726027
5e2039ccf0b71e34ef9c60a2,2.058823529,2.411764706,4.2,3.8,3.823529412,4.6,0.705600322,0.899452055
5e2093a7e10aa2000c631268,1.909090909,1,2.4,1.2,1.666666667,1.6,0.167123288,0.150479452
5e23646fd3ba5760bca7801c,3.882352941,3.705882353,5,4.2,3.411764706,4.4,0.602800161,0.849520548
5e2784b2cf46ff9ab1191cc9,3.625,2.818181818,5,3.6,3.818181818,4.6,0.704265255,0.899452055
5e27868c5cbbcc0b3599574b,1,1.941176471,2.2,2.6,1.941176471,2.2,0.235656728,0.300273973
5e2861fb5c6297029148b635,3.142857143,1.9375,3.2,3.8,2.125,4,0.281549658,0.749657534
5e28e8730fd86a0a19e084cd,1.866666667,1,3.4,2.25,2,3.4,0.250342466,0.599863014
5e29ada5d441690127fb5748,3.411764706,1.647058824,4.2,4,2.764705882,3.8,0.441257051,0.699726027
5e2a425609072a0abb76094b,2.470588235,2.25,3,2.6,2.8125,3.4,0.453189212,0.599863014
5e2ac2aa0038f21089a533a4,4,4.466666667,4.2,3.4,4.866666667,4.6,0.966027397,0.899452055
5e2b0d34a8dc8c000cc53114,2.133333333,2.411764706,3.2,3.4,2.117647059,4,0.27971394,0.749657534
5e2e9c7388448746ab366b7f,2.181818182,3.375,3.2,3.2,2.875,3.4,0.468792808,0.599863014
5e311dd7a390be11ebfc23c3,1.909090909,1.6875,3,3,2.4375,3.8,0.359567637,0.699726027
5e35d4a59d323458753819d2,2.454545455,2.285714286,2.8,3,1.5,2.8,0.125513699,0.450068493
5e37b3d7abde98738c0f1e7c,3.352941176,3.125,2.8,2.4,3.533333333,2.6,0.633150685,0.400136986
5e3889c805856605d1838c21,3,3.5625,4.5,4.75,3.384615385,5,0.596022129,0.999315068
5e38e79295ff561112eae457,1.25,1.615384615,2.4,2.2,1.615384615,2.6,0.154320337,0.400136986
5e39d872793a082024d9cf18,1.75,1.125,1.8,1.8,1.117647059,1.8,0.030056406,0.200410959
5e3a7e26ca5cf328020dc4b6,1.6875,1.588235294,3,2.2,1.588235294,3.6,0.147542305,0.649794521
5e3adfc595ff562fbdd130fa,3.153846154,2.375,3.8,3.4,2.625,4,0.406378425,0.749657534
5e3b9b820014e23ad71813c8,4.272727273,2.882352941,4.4,3.6,NA,NA,NA,NA
5e3cba059e9d0b0b3663c90c,1.8125,2.357142857,2.8,2.8,2.214285714,3.8,0.303840509,0.699726027
5e3d679eaa341501c1a5a90b,1.909090909,1.176470588,2.6,1.8,1.352941176,1.8,0.088799355,0.200410959
5e3d91a08dfa83000c9f4d36,1.294117647,1.1875,1.2,2.4,2,3.8,0.250342466,0.699726027
5e3dff6b8714b707b9a258b0,1.5,1.470588235,3.2,4,2,4.8,0.250342466,0.949383562
5e40774a2ee93c2ae0ecad03,2.4,2.25,3.6,2.6,1.6,2.6,0.150479452,0.400136986
5e416e22fb96eb000b3fe2a8,1.875,1.3125,3.8,2,1.5,3.4,0.125513699,0.599863014
5e41d817cfafb807ef94486a,2.647058824,2,3.8,2.8,2.625,3.8,0.406378425,0.699726027
5e44399336d11f01939401eb,2.294117647,1.647058824,4,3,2.125,3.4,0.281549658,0.599863014
5e46f51bc3298c1bf813a984,3.705882353,2.647058824,3.8,3,2.529411765,2.6,0.382514102,0.400136986
5e4a1730c94447480594cea4,3.428571429,2.133333333,4.2,2.6,2.066666667,2.6,0.266986301,0.400136986
5e4a59b502b78f4a232c0cff,4.75,3.818181818,5,4.4,4,4,0.749657534,0.749657534
5e4af9e73485dd000c99724e,1.933333333,2.875,4.4,3.4,1.9375,4.8,0.23473887,0.949383562
5e4dd61e228f8723566e06d4,1.833333333,1.285714286,1.8,1.666666667,1.285714286,1,0.072015656,0.000684932
5e500182080ac1000b1c7315,3.2,2.8,4.6,3.75,3.5,4.5,0.624828767,0.874486301
5e51dfe3618c57215938d7b7,2.2,1,3.4,1.8,3,4.4,0.5,0.849520548
5e52d0122f5f952f2a7b6b28,2.583333333,2.1875,3.6,3.6,2.3125,4,0.328360445,0.749657534
5e531b2205acdb33c0f5f24c,2.764705882,2.470588235,3.2,2.8,3.235294118,4,0.558742949,0.749657534
5e552a5e45774651f60e62b3,1.166666667,2.1,2.8,2.4,2.8,3.6,0.450068493,0.649794521
5e5ab88a43f33029b119a48c,1.823529412,1.823529412,2.2,2.2,2.117647059,3.4,0.27971394,0.599863014
5e5b0bcc7a584430eb8bea65,3.5,3.076923077,5,4,3.6,4.6,0.649794521,0.899452055
5e5d641259df370779040d9e,1.647058824,1.375,3,2.8,2.375,3.8,0.343964041,0.699726027
5e5e9f949ec7440200735db7,2,NA,3.4,NA,2.176470588,NA,0.294399678,NA
5e6027f12036113753519c82,1.625,1.470588235,1.6,1.6,1.529411765,2,0.132856567,0.250342466
5e602d66bc402a381b35f74a,2.625,1.818181818,3,3.25,2.545454545,4.5,0.386519303,0.874486301
5e606b1eaf84e83c728748d7,1.352941176,2.764705882,4.4,3.4,3.176470588,3.6,0.544057212,0.649794521
5e614c386ee9b3017b83e4bc,2.090909091,3.111111111,4,3.6,3.3,4,0.57489726,0.749657534
5e63e24eaf3bd51660031dbe,2.066666667,1.529411765,4.2,3.8,2.176470588,3.8,0.294399678,0.699726027
5e649034feba20212bb729db,2.294117647,2.3,3.4,3,2.545454545,3.75,0.386519303,0.687243151
5e65c211b45c6432d8227e4c,2.25,1.363636364,2.4,2,1.818181818,2.8,0.204950187,0.450068493
5e667f3bc3f30a4050fc8f2f,1.647058824,1.125,1.2,1.4,1.875,1.4,0.219135274,0.100547945
5e6690ca0ef3a301da87b4d9,1.7,1.9,3,3.4,2,3.8,0.250342466,0.699726027
5e683c4d6ca0f9000d3f35fe,1.764705882,2.25,2.2,3,2.416666667,3.6,0.354366438,0.649794521
5e6869e6fe7f431210ced3f1,2.117647059,2,2.8,3,2.222222222,2.6,0.305821918,0.400136986
5e6989bc651f7d241449fccf,2,3.235294118,2.6,2.2,2.411764706,3.8,0.353142627,0.699726027
5e69987e0873d600084bc920,2.818181818,1.533333333,3.6,3.4,2,3.4,0.250342466,0.599863014
5e6d3b17a2b73d2f7aef3d04,1.75,2.0625,2.6,4.2,1.25,1,0.063099315,0.000684932
5e6da92a65f32b372cf0fbdc,1.428571429,1.411764706,2,1.4,1.352941176,1.2,0.088799355,0.050616438
5e6ef5fbf14d264ae2ef3867,1.9,1.6,3.2,2.8,2.636363636,3.8,0.409215442,0.699726027
5e6fd38fe95be7071b5196bf,3.1875,1.764705882,3.2,3,2.384615385,5,0.346364594,0.999315068
5e700bdb6319c15ed8726932,4,1.352941176,3.6,2.2,3.625,4.6,0.656035959,0.899452055
5e770f11a9d3b527c662aa23,2,1,2.6,2.4,1.176470588,2.8,0.044742143,0.450068493
5e78bf026d9a62443b9d5b74,2.875,3.25,4.2,3.4,3.75,4.8,0.687243151,0.949383562
5e795b321feceb5164cd115d,1.764705882,2.230769231,3.2,2.8,2.666666667,3.6,0.416780822,0.649794521
5e7c987c0d34ae2d8f9c7d8e,2.875,2.214285714,2.8,3.2,2.5,3.8,0.375171233,0.699726027
5e7d031be805560ae6b93dba,2.888888889,3.444444444,4.75,2.8,1.411764706,2.4,0.103485093,0.350205479
5e7daa886c123242e86c8138,2.3125,2.545454545,3.6,3.4,3.461538462,3.6,0.615226554,0.649794521
5e7f64a99b18e463f74b0c91,3.846153846,2.6,4.75,3.2,3.4375,4.8,0.609225171,0.949383562
5e80d8569d1bdf03449b0c2e,2.727272727,2.1,2.8,2.8,2.818181818,2.8,0.454607721,0.450068493
5e815773285d3883ba2fbbcf,2,1,3.4,2.4,1.133333333,3,0.033972603,0.5
5e820eb36551aa02fd72e1dc,1.333333333,1.666666667,2.8,2.2,1.75,2.4,0.187928082,0.350205479
5e82cbf3469f74a0b6d0fd29,2.733333333,2.588235294,4.6,4,2.882352941,4.6,0.470628525,0.899452055
5e83abb4e0a2e40fd565226d,1.909090909,NA,3.8,3.25,3,5,0.5,0.999315068
5e83d36b6d7daf107aea7a7c,3.25,2.3125,2.6,3,2.142857143,3.4,0.286007828,0.599863014
5e8421d0df483e18852ff25e,1.9,1.555555556,2.2,2.4,2,3.6,0.250342466,0.649794521
5e84253b26729e1847f16611,2.4,1.8125,2.8,1.8,2.058823529,1.6,0.265028203,0.150479452
5e84b8443f064006f1b5215c,4.142857143,3.1,3.4,3.75,3.181818182,4.25,0.545392279,0.812071918
5e84cf62eabe5c081ea860c5,1.666666667,2.285714286,3.5,2.2,2.428571429,3,0.357338552,0.5
5e8537fe23609011fe987ca7,1.333333333,1.6,2.2,1.75,1,1.4,0.000684932,0.100547945
5e876872ca754f08ceb52e9e,3.714285714,2.25,3.2,3.2,3.666666667,3.8,0.666438356,0.699726027
5e87e49bb69f7b469f03cc68,2.588235294,1.9375,3,2.6,2.714285714,3.4,0.428669276,0.599863014
5e89fdffad009e010e958ee7,2.733333333,3,1.8,3.2,2.625,2.6,0.406378425,0.400136986
5e8b835818346405e2571585,2.176470588,1.941176471,3.4,3,2.352941176,3.4,0.33845689,0.599863014
5e8be450affef10d24343a7f,2.529411765,2.058823529,1.2,1.8,1.823529412,2.2,0.206285254,0.300273973
5e8d44819163b611f62d706c,2.461538462,1.909090909,3.4,2.4,3,3,0.5,0.5
5e8fa34befd9542a66b02feb,2.444444444,1.588235294,2.8,2,3.125,3.4,0.531207192,0.599863014
5e911cfaefd95445d5a6c890,1.75,2.235294118,3,4.2,2.176470588,3.6,0.294399678,0.649794521
5e9128974d246b4532f248ff,3,3.470588235,4,4,4,4,0.749657534,0.749657534
5e921c1b451807056a5e85bb,2.5,1.411764706,3,1.4,2.117647059,4.2,0.27971394,0.799589041
5e935ec0ba38620009a3b0d8,3.176470588,3.352941176,4,3.2,3.352941176,4.4,0.588114424,0.849520548
5e9420fb792513752fd18744,3.454545455,1.785714286,4,3.8,3.4,3.8,0.599863014,0.699726027
5e9732d6bafec41daaf8fc30,1.375,1,1.5,2,1.357142857,2.6,0.089848337,0.400136986
5e975c32ca82b62079dc8f7c,3.666666667,3.538461538,4.4,4.4,2.461538462,3.2,0.36556902,0.549931507
5e975ea254955d0bfe9f7929,2.117647059,1.882352941,4,3.8,2.411764706,4.2,0.353142627,0.799589041
5e9a567a22a6fa0ee4cf44f1,1.882352941,2.692307692,3.8,3.6,3.25,4,0.562414384,0.749657534
5e9a600390f4ad0f0f200993,1.454545455,2.111111111,3,2.6,2,4.4,0.250342466,0.849520548
5e9aa65a9d211b140b6919f7,4.6,4.294117647,5,5,4.470588235,4.8,0.867143433,0.949383562
5e9b061b5eb4e3000a5ebc0b,2.384615385,1.857142857,2.75,2.8,3,2.6,0.5,0.400136986
5e9b621702bbdc069b2496c4,NA,3.3125,NA,3.2,3.4375,3.4,0.609225171,0.599863014
5e9b8957035d900898422c3c,2.9,1.818181818,3.4,2.4,2.909090909,3.4,0.477303861,0.599863014
5e9ca054511e7a1c5c5640e5,3.235294118,2.294117647,3.2,5,3.823529412,5,0.705600322,0.999315068
5e9f55237c0db50bb0a02621,2.666666667,1.8125,3.75,2.4,1.941176471,3,0.235656728,0.5
5e9fc65dee2ccf178f0e413f,1.647058824,1.529411765,2.8,2.6,1.823529412,3.4,0.206285254,0.599863014
5ea08654ea87f206588b6b50,1.4375,2.058823529,2.2,3,2.470588235,3.6,0.367828364,0.649794521
5ea3b1b9fc11ed33dde53561,1.823529412,1,3.4,4,2.058823529,4.2,0.265028203,0.799589041
5ea492e3b1b3620a6fee3b90,2.545454545,2.615384615,3.4,3.6,2.181818182,4,0.295734745,0.749657534
5ea523b2a7782138712c7e1b,3.071428571,4.2,4,3.8,4.357142857,4.2,0.838820939,0.799589041
5ea5d2b8d2bc3308f7af06d5,2.875,2.3125,4.8,4.2,3.294117647,4.8,0.573428687,0.949383562
5ea5dd6605b5170963934a65,1.941176471,1.588235294,4,3,2,5,0.250342466,0.999315068
5ea70b0537c5170b90ece8ac,1.823529412,1.176470588,2.2,1.4,1.352941176,1.8,0.088799355,0.200410959
5ea7434507a21c11406c58d6,2.666666667,3.222222222,2.6,3.2,3.666666667,4,0.666438356,0.749657534
5ea77b0161f86b151f475c8f,1.352941176,1.588235294,2.6,2.4,1.294117647,2.4,0.074113618,0.350205479
5ea8fe56a6d1a135a5a442cd,2.466666667,1.125,3.6,2,1.5,3.4,0.125513699,0.599863014
5ea9024a58a5ae36f0416ed6,2.066666667,1.470588235,2.4,2.2,2.058823529,2.4,0.265028203,0.350205479
5ea90a840928983752c88275,3,1.6875,3.8,2.8,2.1875,3,0.297153253,0.5
5ea963dc8304320363c8398c,4.75,1.857142857,5,4.8,3.866666667,4.4,0.716369863,0.849520548
5ea9704edf73440535b5e34d,1.909090909,3,2.6,2.25,2,3.75,0.250342466,0.687243151
5ea997837d28170bc5125c56,2.636363636,1.5,3.8,1.8,2.4375,3.4,0.359567637,0.599863014
5ea9cc7058ebeb11a12e659c,1.333333333,1.235294118,1.6,1.8,1.058823529,1.4,0.015370669,0.100547945
5eaa605c7c3cbc1f14421a94,3.5,3,5,4.4,3.909090909,5,0.726961395,0.999315068
5eaa6339b2e5311e8e020396,2.9375,2.411764706,3.4,2.2,2.5,3.6,0.375171233,0.649794521
5eaad5dcc2e64603e5122442,3.133333333,2.375,2.2,2.4,4.4375,3.8,0.858882705,0.699726027
5eab89102e910016bb0b5414,3.307692308,2.642857143,4,3.8,2,3.4,0.250342466,0.599863014
5eaba4a0bc118a184ac2cd2e,NA,2.642857143,NA,NA,1.727272727,1,0.182254047,0.000684932
5eac2cc56665cc23af76e945,2.823529412,2.846153846,3.4,3.8,3.266666667,3.8,0.566575342,0.699726027
5eac6f1aa8b3bb0dcfebeba9,3.625,1.923076923,4.4,3.4,2.4375,4.4,0.359567637,0.849520548
5eadc21b6d4da6467f9d0a6b,2.133333333,1.875,3.6,2.4,2.8125,4.4,0.453189212,0.849520548
5eaf02446c144d5e3a4d4562,2.833333333,1.882352941,4.4,3.8,2.647058824,4.4,0.411885576,0.849520548
5eaf33928c0ee3626f0036e5,2.823529412,1.6,3.8,2.6,1.176470588,4,0.044742143,0.749657534
5eb02a40b17a8c0868685d32,3.058823529,1.5,5,3.6,3.235294118,4.6,0.558742949,0.899452055
5eb030b6e679c6080c9b2350,1.117647059,1.411764706,1,3,2.333333333,3.4,0.333561644,0.599863014
5eb0deb2bd00da19c156f390,2.285714286,2.384615385,2.8,3.2,2.294117647,3.4,0.323771152,0.599863014
5eb1bc2b9d57e52f90d13214,1.764705882,1,4,2.2,1.764705882,4.2,0.191599517,0.799589041
5eb24b26f30ede1a6ae46c14,1.235294118,2.75,2.8,3,2,3.4,0.250342466,0.599863014
5eb2d579ed24d507082b07a2,1.705882353,1.823529412,3.6,2.8,2.125,4,0.281549658,0.749657534
5eb2f1a1ce5ba10ab2c0a042,2.1875,2.25,4,4.4,3,2.2,0.5,0.300273973
5eb33612d573b51326905f30,1.5,1.823529412,2.4,2.2,1.533333333,2.8,0.133835616,0.450068493
5eb52896e034073a7b8aa981,1.6,1.941176471,2.2,4.6,1.705882353,3.4,0.176913779,0.599863014
5eb635754bbde6534e62c05e,2.333333333,1.333333333,4.2,3.4,2.4,4.2,0.350205479,0.799589041
5eb960c022781303ab1ca871,3.588235294,2.941176471,3.4,3.2,3,3,0.5,0.5
5eba34aa6f816b16d72f49e1,2.714285714,2.6,4,4.6,2.2,4.4,0.300273973,0.849520548
5ebc75d16a8f8f0c09ba480b,2.8,1.846153846,3.5,2.2,2.9,4.5,0.475034247,0.874486301
5ebe057674d69c15b1642055,1.428571429,2.846153846,3.6,3.4,2.928571429,3.4,0.482167319,0.599863014
5ec12ad1759b78000a4f9965,2.529411765,2.941176471,3.4,4.2,4.294117647,5,0.823086221,0.999315068
5ec19dd52abb6a5ce5b9fe05,2.176470588,2.705882353,3.8,4,2.470588235,3.8,0.367828364,0.699726027
5ec2f967fa87231315e8b60c,3,2.411764706,3.8,3.6,2.823529412,4.6,0.455942788,0.899452055
5ec2feeb47c4471339d3b2ce,1.411764706,3,4,4.2,2.294117647,4.8,0.323771152,0.949383562
5ec453f93ba6b432bdf01d58,2.625,2.928571429,2.8,2.75,2.769230769,3,0.442386723,0.5
5ec46d59c1c5e016fafe11d6,3.25,3.0625,4,4,2.625,3.8,0.406378425,0.699726027
5ec5880e02a64c5b4102561f,1.352941176,1.058823529,2.6,1.2,1.235294118,3,0.059427881,0.5
5ec5a64c306f255ec98d5cc1,1.933333333,1.555555556,1.6,2,1.8,2,0.200410959,0.250342466
5ec5ba3e981556631c1a78ba,1.642857143,2.083333333,3,3.8,2.272727273,3.8,0.318430884,0.699726027
5ec6c96f5b660e0f25ea094c,2.333333333,2.714285714,2.8,3,3.230769231,4.2,0.557613277,0.799589041
5ec75df0d799ae1c11a8115c,1.647058824,1.9,2.8,2,2.125,3,0.281549658,0.5
5ec771e68288e91bf1919096,3.9,3.181818182,3.6,3.4,3.545454545,4.2,0.636176837,0.799589041
5ec7ec01fc75cf27b5dd16ee,2.470588235,2.235294118,3.6,2.6,2.941176471,3.4,0.485314263,0.599863014
5ec81134ac7d6b2b9ac51453,2.230769231,1,4.4,4.2,2.8,4,0.450068493,0.749657534
5eca36ad460a2b19ab37697b,1.647058824,1,1.2,1,1,1,0.000684932,0.000684932
5eca8de81197051fa92b5a6a,1.166666667,1.181818182,2.2,2.4,1.25,3.2,0.063099315,0.549931507
5ecaa9b289161d043d541b6c,3.214285714,2.529411765,2.8,3.4,2.647058824,4.2,0.411885576,0.799589041
5ecacb83b7f79d242d455216,2.75,1.6875,4,1.8,4.266666667,3.6,0.816232877,0.649794521
5ecc6fb87c7c7646490f3cf8,2.5,1.333333333,2.8,1.6,1.733333333,2,0.183767123,0.250342466
5ecd649985aa0b0c194928bb,2.7,1.588235294,2.8,2.8,1.8,2.8,0.200410959,0.450068493
5ecffcc0d483170a794928e9,2.529411765,4.117647059,2.4,3.6,4.470588235,4.4,0.867143433,0.849520548
5ed0091bd374190b9b04045d,2.176470588,2.235294118,3,3.4,2.529411765,4.2,0.382514102,0.799589041
5ed062703c9248144a334cb4,2.888888889,1.8,3.4,3.2,2.333333333,3.8,0.333561644,0.699726027
5ed081544e61f3163c036286,2,2,3,2.2,4,4,0.749657534,0.749657534
5ed17af75957f60d040e3f34,3.846153846,2.9375,2.8,4.2,2.588235294,4,0.397199839,0.749657534
5ed1c05a74af59110a5aa82f,3.6,2.8,2.25,2.6,3.857142857,4,0.713992172,0.749657534
5ed2109da3c8c204b76f6cd5,1,1.470588235,1,1,1,1,0.000684932,0.000684932
5ed53833cb34a1098e5e2bce,2.818181818,1.818181818,4.2,3.4,2,4.2,0.250342466,0.799589041
5ed57ec8141d24118731f1bc,2.666666667,3.117647059,4,4.6,4.411764706,3.8,0.852457695,0.699726027
5ed8c264d134c803a2670e4c,1.133333333,1.882352941,4.2,3.4,1,2.4,0.000684932,0.350205479
5eda5c5faf7c7f08a2f68cb7,4,3.823529412,4.6,3.2,3.529411765,3.8,0.632171636,0.699726027
5edad5d3b940fe72e6c321ac,1.176470588,1,2,1.2,1.176470588,2,0.044742143,0.250342466
5edaf0abba14031b7899eb3f,1.588235294,1.352941176,3.25,2.8,1.529411765,2.6,0.132856567,0.400136986
5edbf245e31b590a6e572482,2.411764706,2.6875,3.6,4,3.75,4.75,0.687243151,0.936900685
5edc195a95d5090e1c3f91b2,1.352941176,1.705882353,3,2.2,2.588235294,2.6,0.397199839,0.400136986
5edc3b7a96a72790ae256a1d,4.142857143,4.6875,3.4,3.8,5,2.4,0.999315068,0.350205479
5edd13e3858a15a07241964b,1.285714286,1.058823529,3,1.2,1.294117647,3,0.074113618,0.5
5eddaaaeb2a4d6ab5be32a02,2.466666667,1.727272727,3.8,2.4,2.384615385,3.6,0.346364594,0.649794521
5ede432f75bfd1073c1501d8,2.166666667,2.333333333,4,3.6,2.3,3.8,0.325239726,0.699726027
5ede8a971588b310e81f852f,2.666666667,2.117647059,3.6,3.8,1.176470588,3.2,0.044742143,0.549931507
5edeb3b209233c154f4d552a,1.823529412,1,3,2,1.176470588,2,0.044742143,0.250342466
5edfb0770fb0722aa3839b6d,2.125,1.75,2.2,3,1.9375,2.4,0.23473887,0.350205479
5ee09c1a0c2ad1027f541f53,2,2.3,4,3,3,4.2,0.5,0.799589041
5ee0f5feec87fc0bc5eabdd7,2.058823529,1.75,3.4,3.6,2.941176471,3.8,0.485314263,0.699726027
5ee100c8ac33db0e30697284,2.5,1.8,4.4,3,2.571428571,4,0.393003914,0.749657534
5ee1327109ae2e4f8e01bd60,2.454545455,1.4,4.75,2.8,4,3.2,0.749657534,0.549931507
5ee150a384b8a1164fef6273,2.214285714,1.5625,3.6,2.6,3.266666667,4.2,0.566575342,0.799589041
5ee232f2b970662cfa352567,2.266666667,2.0625,3.4,3,2.5,3.8,0.375171233,0.699726027
5ee2b44f470fa7446a470c8d,2.117647059,1.875,4.2,4.4,1.823529412,5,0.206285254,0.999315068
5ee2c239f4ec4b804a79cf80,3.058823529,2.411764706,4,3.2,3,4.6,0.5,0.899452055
5ee3a34e16ad19048aef74f6,1.8,1.7,2.6,2.4,2.3,3.6,0.325239726,0.649794521
5ee3c01c7247c006e9a3f4fd,1.4375,1,3.4,1.6,1.235294118,2.6,0.059427881,0.400136986
5ee644b8a00c6d0621d20793,3.5,2.6,3.8,3.6,2.9375,4.4,0.484396404,0.849520548
5ee64e85c682de3a880579c6,1.666666667,1.5,3.6,3.2,2.153846154,4,0.288751317,0.749657534
5ee6706034f12e3d82d952aa,2.636363636,2.076923077,3.2,3.2,2.769230769,3.6,0.442386723,0.649794521
5ee8fdbb6b0e1325a483f9fa,2.705882353,3.176470588,3,2.8,3.176470588,3.4,0.544057212,0.599863014
5ee9b0eb623285360eda1910,3.733333333,3.4,3.8,3.25,3.5,4.5,0.624828767,0.874486301
5eea5252da0cfc115e24e69b,2.9375,3.181818182,4,4,3.666666667,3.8,0.666438356,0.699726027
5eea591930ca5f0ddaa75a7f,3,3.235294118,4.4,4.6,3,4.2,0.5,0.799589041
5eeab761609f0d1df85d61bf,3.153846154,2.266666667,3,3.2,2.466666667,4.2,0.366849315,0.799589041
5eee3a583a975d29fd3e6f38,3.230769231,3.071428571,4,3.2,3,4.2,0.5,0.799589041
5eefa601e2550709b46a3dff,2.615384615,2.571428571,4,2.666666667,3.285714286,3.25,0.571330724,0.562414384
5ef05a7425018a31e8bb3c68,2.4,1.823529412,3.2,3.4,2.941176471,3,0.485314263,0.5
5ef165863c30cb15b9c83613,2.333333333,3.181818182,3.8,3.8,3.181818182,3.4,0.545392279,0.599863014
5ef1980b60a4447bc1a5408c,2.571428571,2.25,4.6,4.4,2.466666667,4.8,0.366849315,0.949383562
5ef428a45311db1c83d82b34,3.470588235,2.916666667,3.4,3.2,3.529411765,4,0.632171636,0.749657534
5efba90ef81cbe13a3d7df40,2.411764706,2.411764706,5,3.2,2.529411765,3,0.382514102,0.5
5f034b403ad29e529145f174,3.230769231,1.647058824,3.6,3.4,2.2,3.8,0.300273973,0.699726027
5f0963c6310eaf000b922e94,1.823529412,2.1875,4.2,4.4,2.25,4.4,0.312756849,0.849520548
5f0dec5bb2612205fe864ab6,2.823529412,3.125,4,2.8,2.882352941,3,0.470628525,0.5
5f109c350780b10d05983394,2.75,2.266666667,4,3.8,3.2,4.2,0.549931507,0.799589041
5f16f559325a640008bb9a07,2.176470588,2.235294118,4,3,2.235294118,3.8,0.309085415,0.699726027
5f1703a31ea06d025b729ad9,3.8,3.411764706,4,3.8,3.882352941,3.8,0.72028606,0.699726027
5f1a30f8e8cd9a11b2832182,2.461538462,2.916666667,3.6,3,2.666666667,3.6,0.416780822,0.649794521
5f1b2c6bb5afc42e312b436a,NA,3,NA,2,1.571428571,1.4,0.14334638,0.100547945
5f2502c10858c4143fafa023,3.692307692,3.25,5,4.6,3.3125,4.4,0.578017979,0.849520548
5f26a21c70a6d23f6032b1ea,3.214285714,2.764705882,3.8,3.2,3.117647059,4.6,0.529371475,0.899452055
5f2853a8e736e613955f73bf,2.647058824,3.533333333,3.2,4.25,3.428571429,3.8,0.606996086,0.699726027
5f29aacd4eeb0b10914d3dc5,2.4375,1.2,4.6,2.2,1.571428571,4.4,0.14334638,0.849520548
5f2a12f5837dd81e5881b7cc,1.3,1,1.8,1.4,1.166666667,2.2,0.042294521,0.300273973
5f2a13417b4ac51dc95d38c1,1.411764706,1.705882353,3.4,2.6,2.882352941,4.2,0.470628525,0.799589041
5f3557097104764efaee9bbe,2.411764706,2.470588235,4,2.4,2.588235294,2.6,0.397199839,0.400136986
5f3ac1732efa0a74f975b1a8,1.75,1.142857143,2.4,2.8,2.142857143,3.4,0.286007828,0.599863014
5f3b4854ac7ac783ce22070e,2,2.235294118,3.8,3.6,2.588235294,3.6,0.397199839,0.649794521
5f3ed5c238cf461818f961b0,1.4375,2.5,2.2,1.4,2.083333333,1.6,0.27114726,0.150479452
5f469dcf5fcb5d0355771013,3.571428571,3.75,3.6,3.2,4.25,3.6,0.812071918,0.649794521
5f4813c94e8b081877fb26a6,2.571428571,2.333333333,2,1.4,3.066666667,3.4,0.516643836,0.599863014
5f482b0da1cde52de45f174c,2.235294118,2.1,2.4,2.2,2.111111111,3.2,0.278082192,0.549931507
5f48348c7dfbf12d50c6a7ec,4.111111111,2.75,5,3,3.25,4.5,0.562414384,0.874486301
5f49f3262a3d07563d14a7f1,3.545454545,3.333333333,4.4,4,3.4,4.8,0.599863014,0.949383562
5f4a7a00dc1bde60ab8f7ac5,2.25,1.625,3.8,2.8,2,4,0.250342466,0.749657534
5f4c4b277200c9868db9d43f,1.352941176,2.125,1.8,1.4,2.5,2,0.375171233,0.250342466
5f4c4dd50a92c286c1972f06,2.411764706,1.176470588,2.6,1.6,1.882352941,2.8,0.220970991,0.450068493
5f4c5105ad5ee685d48bcca2,1.333333333,1.941176471,1.8,1.2,2.764705882,4.8,0.441257051,0.949383562
5f4d1371c20934977e621ac3,2.294117647,2.444444444,4.4,2.2,4.375,5,0.84327911,0.999315068
5f4ee7ff2c5da213f015a27e,3.714285714,3,3.6,3.4,3.1,3.4,0.524965753,0.599863014
5f500418133110165a1539a9,1.25,1.166666667,2.2,2.8,1.111111111,3,0.028424658,0.5
5f50468c0868af1baaec306c,2.428571429,2.285714286,4.4,4,2.142857143,3.6,0.286007828,0.649794521
5f50732850c7c600098593df,1.941176471,3,2,1.6,2.3,2.4,0.325239726,0.350205479
5f52e45ad408d55fa156aa21,1.588235294,1.117647059,2.8,1.6,1.823529412,2.8,0.206285254,0.450068493
5f5834134283933a1c3b42d0,3.6875,4.125,4.2,4,4.375,4.4,0.84327911,0.849520548
5f59dc445d3541000c150f40,2.285714286,1.785714286,2.8,2,2.176470588,3.2,0.294399678,0.549931507
5f5d48f1c6768e5bcae08170,3.333333333,2.2,3.8,3.4,3.153846154,3.8,0.538408851,0.699726027
5f5d967f60d7fa5fdca4cc4f,3.2,2.214285714,3.4,3.4,3.142857143,3.6,0.535665362,0.649794521
5f5f039252a9217cad40cc18,1.9,3,3.2,3.4,2.625,3,0.406378425,0.5
5f5feca329bdfb0cfc2a8928,2.882352941,2.470588235,4,2.4,2.764705882,2,0.441257051,0.250342466
5f6c102b6ec04317fc9a8127,1.470588235,3.125,2.6,3.8,3.125,3.6,0.531207192,0.649794521
5f6e36c7f042f033d0f97bc1,1.133333333,1.058823529,1.2,1.8,1,1,0.000684932,0.000684932
5f723cf881f5c0159cfa6da1,3,3.666666667,3.5,3.5,4.285714286,4,0.820988258,0.749657534
5f7392562b5e060e795d20db,2.0625,2.352941176,3.2,2.4,2.705882353,3.4,0.426571313,0.599863014
5f773334d74b082186824cac,3.647058824,3.647058824,4.2,4,3.823529412,4.5,0.705600322,0.874486301
5f7d3ace29e51d20f794994a,3.428571429,2.875,4.6,4.2,3.375,4.8,0.593621575,0.949383562
5f94a8e7fa8c422fc88940b0,1.3125,1,2,1.4,1.058823529,2.2,0.015370669,0.300273973
5f9803e732d857040c277dd9,4.266666667,3.75,4.6,5,4,5,0.749657534,0.999315068
5f9c3ecd9a95b50a57842e5c,2.8,1.4375,3.2,2.8,3.583333333,4.2,0.645633562,0.799589041
5fa322092858085f30d5b011,1.176470588,1,1.8,2.2,1.058823529,2.4,0.015370669,0.350205479
A10MSB9X1UFLJ5,1.4,1.2,2.8,2.4,1.4,2.6,0.100547945,0.400136986
A11TPUPFP2S4MK,1.470588235,1.352941176,1.6,1,1.705882353,2,0.176913779,0.250342466
A12FTSX85NQ8N9,1,1,1.4,1.4,1.066666667,1.4,0.017328767,0.100547945
A13FUEPWBCLBUY,1.352941176,1.058823529,1.8,1.4,1.294117647,2,0.074113618,0.250342466
A15VCKELIEEPJN,2.823529412,2.058823529,4.2,2.4,2.647058824,3,0.411885576,0.5
A16G6PPH1INQL8,2.083333333,1.588235294,3.4,4.2,1.823529412,4,0.206285254,0.749657534
A18VIO909RWY6D,2.071428571,1.823529412,2,1.6,1.764705882,2.4,0.191599517,0.350205479
A1BNYBF79IQ89T,1.411764706,2.25,2.8,2,2.588235294,3.6,0.397199839,0.649794521
A1DMXEJGJY02E1,1.3125,1.875,2.4,2,2.428571429,3.75,0.357338552,0.687243151
A1DZMZTXWOM9MR,1,1.071428571,1.8,1.8,1.133333333,2,0.033972603,0.250342466
A1EUBMQ86K32XE,2.588235294,2.466666667,4,4.8,2.882352941,4.2,0.470628525,0.799589041
A1F9KLZGHE9DTA,2.583333333,2.571428571,4.2,2.8,3.2,3.6,0.549931507,0.649794521
A1JJYY622DGE5L,3.8,4.285714286,3.8,3.2,4.357142857,4,0.838820939,0.749657534
A1L3937MY09J3I,1.8,1.6,2.8,2.4,2.142857143,2.8,0.286007828,0.450068493
A1NZFJHVJ9CNTO,3.529411765,2,3,1.4,2,3.2,0.250342466,0.549931507
A1P2RQ166VS5BT,1.470588235,2.466666667,3.2,3.6,3,4.4,0.5,0.849520548
A1RV2LERVS0A4H,1.428571429,1.333333333,1.75,2,2,3,0.250342466,0.5
A1TLNLB9D87H6,1.454545455,1.545454545,4.2,3.8,3.090909091,5,0.522696139,0.999315068
A1V1JNPU0KOA3X,2.4,1.571428571,2,1.4,3.1,3.6,0.524965753,0.649794521
A1VR1XQEQQXYUE,1.529411765,1.176470588,1.8,1,1.647058824,1.6,0.162228042,0.150479452
A1ZT30BGR3266K,2.7,1.588235294,3.6,2.2,1.882352941,3.2,0.220970991,0.549931507
A2196WCNDZULFS,1.666666667,1,2.6,2,1.625,2.2,0.15672089,0.300273973
A222R4PNCF08OF,1.6875,2.0625,3.2,3.2,2.3125,4.2,0.328360445,0.799589041
A22ABLVEI5EGPL,1.7,1.5,2.2,2.2,2.444444444,4,0.36130137,0.749657534
A2615YW1YERQBO,1.583333333,1.2,1.4,1.4,1.5,1.6,0.125513699,0.150479452
A2DWPP1KKAY0HG,2.375,1.823529412,2.6,2,1.764705882,2,0.191599517,0.250342466
A2FGKKWP33DFWS,2.058823529,1.647058824,4.4,4.2,2.058823529,4,0.265028203,0.749657534
A2FL477TMKC91L,1.777777778,1.2,3.6,1.4,1.583333333,2.8,0.146318493,0.450068493
A2MHY064OSYIBI,2,1.941176471,3,2.2,1.882352941,2.8,0.220970991,0.450068493
A2MUCL20GTQJA0,1.285714286,1.357142857,2.4,2,1,2.4,0.000684932,0.350205479
A2NO3OTBZYY43Z,1.294117647,1,1.4,1.2,1.235294118,1.2,0.059427881,0.050616438
A2OO4PG3LBLP5I,2.636363636,2.266666667,3.8,3.2,3.2,4,0.549931507,0.749657534
A2OVX9UW5WANQE,3.071428571,2.764705882,5,4.4,3.529411765,4.4,0.632171636,0.849520548
A2S64AUN7JI7ZS,2.583333333,1.625,3.2,2.8,1.875,3.2,0.219135274,0.549931507
A2TLN8489YGY81,1.882352941,1.533333333,1.8,1.4,1.642857143,2.2,0.161179061,0.300273973
A2V27A9GZA1NR2,1.764705882,1,3,2.4,2.066666667,2.6,0.266986301,0.400136986
A2VLTSW6CXIUMR,3.307692308,1.727272727,4,2.2,3.666666667,3.4,0.666438356,0.599863014
A2XQ3CFB5HT2ZQ,1.882352941,2.307692308,3,2.2,2.461538462,3.2,0.36556902,0.549931507
A2Y0WNHMT4PZ4C,1.076923077,1.3125,1.2,3,1.25,1.6,0.063099315,0.150479452
A2YGOORS5N9RW8,1.5,1,2.6,1,1,1.8,0.000684932,0.200410959
A30RAYNDOWQ61S,1.375,1.2,2.8,1.6,1.333333333,2.2,0.08390411,0.300273973
A30UE6DWFNUCWX,1.1875,2.5,3,3,2.4,3.4,0.350205479,0.599863014
A3180VXVP8MOIH,1.4375,2,3.4,2.25,2.0625,2.6,0.265946062,0.400136986
A3388HIWAKD3DV,1,3.235294118,1,2,2.705882353,2.4,0.426571313,0.350205479
A34SIGOLUGKIHJ,2.5,1.941176471,2,2.4,2.176470588,3.8,0.294399678,0.699726027
A37JSOJH9695SM,2.9375,2.3125,5,4.8,2.1875,4.6,0.297153253,0.899452055
A37OUZOGQKGMW0,1.888888889,1.5,2.6,3.4,2.181818182,4.6,0.295734745,0.899452055
A38I0E8UK53ME5,1.533333333,2.777777778,3,3.4,3.125,3.6,0.531207192,0.649794521
A3D2U4QF7821ZW,2.9,2.357142857,3.2,3,3.133333333,3.8,0.533287671,0.699726027
A3F51C49T9A34D,1,1,1,1,1,1,0.000684932,0.000684932
A3FAF93BMDJLAL,1.176470588,1,2,1,1.588235294,2,0.147542305,0.250342466
A3FGT6EU39C6S4,1.352941176,1.466666667,3.2,2.6,1.4,2.4,0.100547945,0.350205479
A3I40B0FATY8VH,3.307692308,2.5,3.8,3.2,4.125,3.8,0.780864726,0.699726027
A3K9GTQBOI7O5A,NA,2.647058824,NA,2.4,2.352941176,2.6,0.33845689,0.400136986
A3KF6O09H04SP7,1.923076923,2,3,2.4,2.8125,3.8,0.453189212,0.699726027
A3O0QZQ4V2IXT7,1,1,1.6,2.6,1.529411765,2,0.132856567,0.250342466
A3O0ZQMDKOKAMR,2.875,2.235294118,4.4,4,2.294117647,4,0.323771152,0.749657534
A3P5WIW36V70AI,1.176470588,1.235294118,1.8,2,1.294117647,3.2,0.074113618,0.549931507
A3QEVFM3UD67BA,1.8125,2,3.2,3,2.75,4,0.437585616,0.749657534
A3R5OJR60C6004,1.352941176,1.4,2.2,2.4,1.75,2.6,0.187928082,0.400136986
A3UPZ88FI1EJC,2.3,3.764705882,3.8,4,2.882352941,4.2,0.470628525,0.799589041
A3URLNXHLP4ARU,2.411764706,1.823529412,3,2.2,1.764705882,3.2,0.191599517,0.549931507
A5BMKZRGHNSRT,1.166666667,3.375,1.4,3.8,3.444444444,4,0.610958904,0.749657534
A98E8M4QLI9RS,2.714285714,2.083333333,4.75,3.6,2.285714286,4,0.32167319,0.749657534
AA4O2W236E3FW,1.933333333,1.3125,2.4,1.2,1.625,1.4,0.15672089,0.100547945
ADZHJZ078THWQ,1.647058824,1.294117647,2.4,2.2,2.705882353,3.2,0.426571313,0.549931507
AEWGY34WUIA32,1.176470588,1.714285714,2.8,3,2.2,3.8,0.300273973,0.699726027
AGWWUXDX6CI38,2.941176471,2.470588235,3,3.2,2.117647059,3,0.27971394,0.5
AIEKCWYZTS41V,1.117647059,1,2.4,2,1.642857143,3,0.161179061,0.5
AIHHRINW9IN1I,1.625,1,3.6,2.4,1.333333333,2.8,0.08390411,0.450068493
AMELYCC59JKB0,1.117647059,1.8,2.2,2.6,2.133333333,3.8,0.283630137,0.699726027
AMV1E7FFPVAW4,1.470588235,1.666666667,4,3.2,2.181818182,4.4,0.295734745,0.849520548
APGX2WZ59OWDN,2.8,2.444444444,3.6,2.6,3.076923077,3.8,0.519204426,0.699726027
AW5O1RK3W60FC,1.222222222,2.411764706,3,3.4,2.352941176,5,0.33845689,0.999315068
AXMPSUNKUBEIL,1.428571429,1.375,3,2.8,1.6875,3.4,0.172324486,0.599863014
AZNIEFUIVB2H0,1.133333333,1.1875,3,1.8,1.235294118,2.6,0.059427881,0.400136986
 5ad4a9f30f5d3900016a4d8b ,NA,NA,NA,1.8,1.705882353,3.8,0.176913779,0.699726027
5d7b2e78698dea001853b5ec,NA,NA,NA,3.2,3.0625,3.6,0.515603596,0.649794521
5ef110ef74978d1e943f0e7a,NA,NA,NA,2.6,2.705882353,3.8,0.426571313,0.699726027
A1PAY3X73PQ16S,NA,NA,NA,2.8,1.470588235,4,0.11817083,0.749657534
A2OVWCQ4B9AHFY,NA,NA,NA,1.6,2.0625,1.6,0.265946062,0.150479452
A3OB6REG5CGHK1,NA,NA,NA,3,2.125,3.4,0.281549658,0.599863014