Subject,Timepoint,Rating,num_weights
546f8a9cfdf99b4a593414ea,Now,1.176470588,17
5484fd09fdf99b38dfb9645c,Now,1.333333333,15
5490c822fdf99b71ba910e1a,Now,2.333333333,6
54af2a48fdf99b09c01b3801,Now,1.764705882,17
550bb70bfdf99b6853dab45e,Now,1.4,15
557d84c8fdf99b4d577438df,Now,1.470588235,17
5588d358fdf99b304ee5674f,Now,2.7,12
558acd52fdf99b65685f03d9,Now,1,3
5591cd21fdf99b63126f6c60,Now,1.333333333,12
559d9916fdf99b1e2b2dc6b8,Now,1,8
559ef308fdf99b2616ff2a4f,Now,1.888888889,9
559fa17cfdf99b69c369d364,Now,1.235294118,17
55b237e6fdf99b19ea79d2f7,Now,1.625,16
55b9a9b0fdf99b6906d2aba4,Now,1,11
55be9292fdf99b4c861994d8,Now,3.125,9
55cd909c34e906000a8d1e1e,Now,2.142857143,7
55ddb84550a1f7000b90d65a,Now,2,17
55ef4896b9401300137f40ac,Now,1.647058824,17
55f63fc432af740012171ef6,Now,1.470588235,17
56259489ed6e5a0005c80fde,Now,2.142857143,7
5687d85e369319000c269c55,Now,1,17
56d0f57421cd29000a9737e4,Now,1.333333333,15
56e130548b1c33000a388671,Now,2.636363636,11
56e1bbcb6ce054000b3ffcb8,Now,1.6875,16
56e6a66af6ed900006a5867c,Now,3.5625,16
56ec151f388e1d000a5924d0,Now,2.444444444,10
56f0393f3f71990005d0e66d,Now,1.235294118,17
56f9364e895094000c8f4967,Now,1.117647059,17
56fa002e8425ef000b3a4276,Now,1.6,15
56fdff4ee0f9ff000f19c466,Now,1.4,6
570521cfde5095001018a0c8,Now,1.25,16
576017836442fa0006cfb7cd,Now,1,6
5761c23632676f0007eb36b3,Now,1.5,2
57656f6c2bfddf000125cce5,Now,2.058823529,17
578673a9275be6000135880e,Now,1.4,5
57a761c22fc0d400012c9656,Now,1.705882353,17
57b60487e5b60d0001083aea,Now,3.75,7
57b9bafdfc23450001acc1ac,Now,1.615384615,14
57bb6878eb28030001f7ea94,Now,4.333333333,13
57bca845e2101600015e8e88,Now,1.076923077,13
57d6dd8d6598aa000199188b,Now,3.75,13
57dd766bbcd7150001ded5de,Now,2.066666667,15
57e7bb4e73e67300012b8e2a,Now,1.642857143,14
5800e50de3536e00012840f4,Now,1,12
58066bf52d948b00014ba876,Now,3.272727273,11
5825ecee95f3030001cf889a,Now,1.235294118,17
5831f08ebfb3b400015a6ad4,Now,3.117647059,17
583b397f54686200010f1d20,Now,3.142857143,8
583f12f545073d0001fac52d,Now,2.833333333,6
58474a9c89af6500017f4cd6,Now,2.176470588,17
58742bf5d53c97000159df8c,Now,1.666666667,15
589a46af57995d0001a8a03a,Now,1.705882353,17
58a43e029a17120001d910d5,Now,2,9
58a63a64ea3d11000170e1cc,Now,1.769230769,13
58ac890076c5b70001662993,Now,1.1875,16
58dc1373463f960001ba45b3,Now,1.176470588,17
58e79ac632bebb0001b741ec,Now,1.294117647,17
58ed2be2a083320001a13783,Now,1,14
58effc65c31d4d00015aa5b9,Now,1.117647059,17
58f10189738cac000116d3ab,Now,2.117647059,17
59296fb2e8a7ff000163f033,Now,1.764705882,17
592e85797b619d0001cb07e9,Now,2.666666667,9
59347d4f53490b0001563e47,Now,1.25,16
59417543c768a500011c9731,Now,2.142857143,8
5953d01e4d560700016462da,Now,1,4
595b93be7882150001240e21,Now,1.153846154,13
59658491b9153e0001617465,Now,2,11
597fe89a1b41a20001749f57,Now,1.642857143,14
5987c9f26ab9880001b5b04d,Now,2,10
5993020a5f49420001caf86b,Now,1.6875,16
59977c8ba7b2400001523396,Now,2.714285714,14
599be3660ed7ae0001991db9,Now,3.75,12
599eaf0fbfd73c00010ea24e,Now,2.8,11
599ec7dc617ca80001fcd124,Now,2,16
59a1de0cec2f75000124eeaf,Now,1,17
59ad6f1e09709e00013c2ba5,Now,1.866666667,15
59c0782e5364260001dc4740,Now,1,14
59c6305e6a287600011c388d,Now,3,17
59dc458f77860e000151240e,Now,1.5,12
59e833e72f63d30001c8fb86,Now,1.846153846,13
5a03d20a7ecfc50001be0a7a,Now,1.428571429,14
5a04869ff2e3460001edad2e,Now,1.666666667,6
5a0d9553fe645f0001e9f852,Now,1.6875,16
5a212dcc7b108200011e040c,Now,1.785714286,14
5a21b2e1e473b80001baaa09,Now,1.266666667,15
5a3bdd2c8d005a0001829f3e,Now,1,6
5a49d6a06d85f80001c25bc4,Now,2,2
5a4bf09053a4560001ba0ebf,Now,2.142857143,8
5a5c23afe0cf3d0001268781,Now,1.133333333,15
5a5d7a42acc75b00017a8193,Now,3.25,8
5a6f1ccade1f390001dbd8b7,Now,3.461538462,13
5a708ef2f1530b000103bfab,Now,2.444444444,10
5a78e410ae9a0b0001a97274,Now,3,6
5a7cb079aa46dd00016b5bfb,Now,3,8
5a8891155292b800012316a8,Now,3.285714286,7
5a91877e777df200015fa0f5,Now,1,17
5a9262251eda410001360b2c,Now,1.727272727,12
5a947fb0f05361000171b5a3,Now,2.5,16
5aa55cf8dbdb470001ef4cc5,Now,1,16
5aa637861eda41000136d5d2,Now,2.714285714,7
5aa806e7777df200016088c5,Now,3.090909091,11
5ab415206db3e700011bde54,Now,2.090909091,11
5ab8026547a9f7000153a324,Now,2.117647059,17
5ab84333f69e940001d8f0af,Now,1.3,10
5ac6cc039534ba0001c75642,Now,1.230769231,14
5ace650a436f550001004f87,Now,1.705882353,17
5ad9cc7ddfcfcb0001e667f3,Now,2.133333333,16
5aeda69f9457e00001054d76,Now,3.076923077,14
5aeeb4903c80f200013af2ed,Now,1.705882353,17
5b0fa626bd9c310001568d6c,Now,2.75,8
5b15307351caaf0001228d9b,Now,1,17
5b15de5cbd9c310001570400,Now,2.411764706,17
5b16ceb0bdf4e10001630f58,Now,2.235294118,17
5b197b8088ee7400012ae154,Now,1.142857143,14
5b25c819a7cee100011d9091,Now,2.1875,16
5b26ed8a8ecf3f0001619040,Now,1.705882353,17
5b32c0ff975e260001e97d0e,Now,2.125,8
5b3e3a299a6a140001222ea1,Now,3.235294118,17
5b457ba9eb64c200015bbab1,Now,2.75,8
5b4d31673d01bd0001ec447e,Now,3.363636364,12
5b4d39f2d4c93b00019c8217,Now,2.5,12
5b5a822e1ad8270001c4f28d,Now,1.9,10
5b5c8d4e10aec90001ed4bee,Now,1.333333333,6
5b619b6c5256470001bcf992,Now,1.5,8
5b707a406f0ed10001bfb973,Now,1.428571429,14
5b76ce43bfc4cb0001f2c4c3,Now,2.176470588,17
5b76d0f5fca8d9000139404c,Now,1,2
5b7cbe9db630cf000125dffe,Now,1.266666667,15
5b954f10754b700001f06bf0,Now,2.1,10
5b97f70161c19e00018db4a8,Now,1.733333333,15
5b97f8988ae8150001c7a887,Now,3.090909091,11
5b9ec956c8a17f000171f7ad,Now,1.125,16
5b9efb73d1ff7a00013bfe84,Now,1.642857143,14
5bcb229aa8920a00013060fa,Now,2,16
5bcd295277740000016ab0a5,Now,2,10
5bd9f569eb22f2000183df4e,Now,2.588235294,17
5bd9fed6780d50000109c503,Now,2.125,9
5bdbf2d92562330001b8d056,Now,1.153846154,13
5bdc4d25a49c2800019e1c24,Now,2.375,10
5bddd64b48428800013061a6,Now,3.357142857,14
5bddf0f876219d00014b145e,Now,1.909090909,11
5be0a65507684000010cf0f9,Now,2.4,15
5be2e7e491deed00015adcb0,Now,2,15
5be781ca3b047e0001a39e47,Now,2.090909091,11
5beb8419aec9ef0001e9d5fb,Now,1,17
5bef87523d79ff0001275154,Now,1,13
5bf08e67d63d690001360a79,Now,1.454545455,12
5bf32090a155c300016f3c06,Now,1.294117647,17
5bf5ab78f35e0c000101b657,Now,3,8
5bf720e60b616400019c6c6c,Now,1,11
5bfd81fb2feab400014d9060,Now,2,17
5c0023fb2213be0001c2cdde,Now,2.727272727,14
5c003b5c2c8cc1000138e25f,Now,2.5,16
5c0150326a0c6e00013c6068,Now,2.176470588,17
5c03217b1a20110001e979f0,Now,1.75,4
5c05ff644c14cf00019db0a9,Now,3.882352941,17
5c0990b854deae0001ac693c,Now,2.647058824,17
5c0a696aa4e5fc0001759543,Now,2.909090909,13
5c0f1cf4f3027300014b606f,Now,2.333333333,15
5c101f812a1a620001f04007,Now,2.8,5
5c11f8202b16ba0001c8b764,Now,1.857142857,8
5c12521fbf739a0001cfeb03,Now,2.1875,16
5c1bc0ab84ff14000184c2ce,Now,3,15
5c1c137b0739430001693cf5,Now,1.571428571,7
5c223d4a4a7e1f000137e5b9,Now,1.5625,16
5c27f83289f035000174a168,Now,3.615384615,13
5c28113978fad50001932f58,Now,2,14
5c2cdb4e213a1a0001b9c475,Now,2.166666667,12
5c2d187569ceff00011417de,Now,2,5
5c2fcd716ea6880001dc8e3d,Now,2.142857143,14
5c3027ef69d7820001063974,Now,2.384615385,13
5c31847f10677f0001ddc781,Now,3.3,10
5c3282cd53d7b10001934577,Now,4,5
5c381b1ce4dbd30001fbc9c9,Now,2.4,10
5c39606586c1450001a9675d,Now,3.75,16
5c3a34eebe1ddc0001aa35d6,Now,2.3,11
5c3fb71b36052e00016bb1a6,Now,3.5,8
5c40e7d99d27f00001159a65,Now,2.090909091,11
5c43349027bb0d0001282427,Now,1.9,10
5c454961f5e3bc00014ed20b,Now,1.428571429,14
5c4684826a7dbc00017c0a87,Now,3.2,7
5c47d714a8703f0001b6e780,Now,3.307692308,13
5c4de8f726093e000134ee6e,Now,2.3125,16
5c55fec09fcbc40001dc50b5,Now,1.058823529,17
5c5732a80a537a00019ea4eb,Now,1.352941176,17
5c57631a47a04100010da795,Now,2.888888889,9
5c57c06ed05b82000139682e,Now,1.6875,16
5c586f5eee248f00016b7fe7,Now,2.583333333,12
5c58e01e6f4ec5000164c35a,Now,1.411764706,17
5c5aecc774a76f0001a25ced,Now,2.5625,16
5c5deed04ee81200018ebb4a,Now,2.5625,16
5c5fc78e96dff400013607a5,Now,1.25,8
5c6319a0b73d590001ae789d,Now,3.470588235,17
5c6a36214fbf270001311702,Now,2.176470588,17
5c6a3c721519ac0001668582,Now,4.4,6
5c6aecbad0fb370001731cac,Now,1.888888889,9
5c6b2f0d5b27b00001a3561f,Now,3.384615385,13
5c6d590ca190e0000103ec5f,Now,3.4,10
5c70852d7826350001565ce4,Now,1,11
5c71b63c4aa8ec0001f2bfc4,Now,2.75,12
5c720c7278263500015665f9,Now,1.625,16
5c742339e621f900163f4543,Now,1,16
5c7a94dc8fbcb100146b6dc7,Now,1.272727273,11
5c7cf8b58ca9000001b52f6e,Now,1.466666667,15
5c7dcd11f066ff001568e56a,Now,1.625,8
5c801cd6aaf2af0016478e6f,Now,2.928571429,14
5c804f4092ad770015846011,Now,2.733333333,15
5c82656bed1753001581fd1e,Now,1.294117647,17
5c82a8cdfff8430015e9942f,Now,1.714285714,7
5c82d0ac51b0e00015cbd2fc,Now,2.4,15
5c83f1ed20b39a001440b6b1,Now,1.705882353,17
5c8676deddda2d00012ad386,Now,2.785714286,14
5c871f91e769f8000178afc8,Now,1,5
5c8e1af5c6e10f00010d6212,Now,3.25,12
5c90094e71f3100016181ea9,Now,1.636363636,11
5c925b0fb138fe0014e4036b,Now,1,13
5c92870723bd7e001870138e,Now,2.333333333,9
5c92cda483617d0010bef1b8,Now,1.8125,16
5c935d881754ba001b25697a,Now,2.222222222,9
5c9527e29e4f7400011e1571,Now,1.444444444,10
5c971acab18d000001e1afd7,Now,1.764705882,17
5c9a7872e2a8d00001585513,Now,2.6,15
5c9ebf067114700016da2813,Now,1.142857143,7
5ca272f5caf59c0001a942cb,Now,2.5625,16
5cb52a1e33f33d0001249130,Now,1.25,16
5cb9bc10e50fe5001746c43b,Now,3.5,16
5cb9ca6814b3cb0017e4f7dd,Now,2.235294118,17
5cd062370081a60017789079,Now,1.363636364,13
5cd321750316ed0017c81bcd,Now,2.583333333,12
5cdcd4ca9f75db0001411660,Now,1.833333333,12
5cec2163d439ae0016596611,Now,1.111111111,9
5ceff2032de4e90015c822c4,Now,1.529411765,17
5cf21b7b2456d90001ee8e40,Now,3.333333333,6
5cf5134c8f8ff80019e76721,Now,1.117647059,17
5cf7bfff528ef50001e96f69,Now,2.866666667,15
5cfbdcec8483c6001930c1b1,Now,1.176470588,17
5cfc3d486e9951001a0cb8cd,Now,1.5,14
5cfdd7d53ca1bb00011030d4,Now,3.235294118,17
5cfea2427b91e70001423ffb,Now,1.8,13
5d003450f641130018828b8e,Now,2.411764706,17
5d045502bdeaa5000165e935,Now,2.8125,16
5d0d16d991270800010b7dd7,Now,2.235294118,17
5d0e9d1bf403080016411381,Now,1.333333333,7
5d14cea059c33d0001f19bb3,Now,2.875,16
5d1618630b1f87001715eca7,Now,2.222222222,11
5d1beb9c9e033e0017a725dc,Now,2.076923077,13
5d1d3f10d5669200017b4e46,Now,2.818181818,12
5d204134abea8100173fa8a4,Now,1,17
5d254db8bb2e30001933fe36,Now,2.647058824,17
5d256c9b3eee7d001541a073,Now,2.363636364,11
5d264dc7e4a0cb001a3efea6,Now,2.764705882,17
5d2e56ae72b6780001c66698,Now,3.625,8
5d305152b2cfe00019231a2a,Now,3.166666667,12
5d30a193b2cfe00017231a93,Now,1.222222222,9
5d329756062745001921494a,Now,2.666666667,6
5d338bb02381b7001761694e,Now,1.823529412,17
5d344bd3b0f315001a122275,Now,1.4,15
5d378df21acda30001e7191e,Now,1.777777778,9
5d453e8723a5bb0001492546,Now,1.357142857,14
5d45c2d1da9cb60015aa4312,Now,1.333333333,15
5d461284d9b0690001720f6d,Now,1.111111111,10
5d4702f04f947a0001181420,Now,1.8125,16
5d478068ff3efc001a89d7de,Now,4.4375,16
5d47abcc2dc88900166f27c9,Now,2.333333333,15
5d4a41890e604c00011ade8b,Now,1.533333333,15
5d4b265b72db9d0015e8aac6,Now,2.25,4
5d4c7ac3e8ec490018b0050d,Now,3.6,5
5d4e24cdcc0b630001a2698d,Now,1.857142857,14
5d5067b25371ae00191f69c4,Now,2.777777778,9
5d54b73f1c1de70015d50959,Now,2.333333333,8
5d558ebe886e3f0020e90fce,Now,2.384615385,13
5d55d562e04e1c0001f5e682,Now,1.333333333,12
5d5c265773125e001af7f4cf,Now,1.25,16
5d5eeb06d8bcde00162d73f1,Now,2.636363636,12
5d5f07cdca10e90016bc0103,Now,1.6875,16
5d5f31230fc94a001c632b69,Now,2.142857143,14
5d5fa32a0fc94a0001632ac7,Now,2,1
5d612ae16512d700159face7,Now,1.571428571,14
5d6141608a11df001a477fbe,Now,4.411764706,17
5d62935aacd67c0015b06e8d,Now,1.75,7
5d63179aa3b94d0001da4bb6,Now,1.333333333,15
5d6394518df2870001a74b42,Now,1,6
5d66ea7549716000187f26af,Now,2,11
5d6d6412f570e000184cf48b,Now,1.571428571,14
5d6edb6ada16690017c9b828,Now,1.75,8
5d6ef023cfe0a400198f911e,Now,2,14
5d73b97a40e4bc00019e1db8,Now,2.2,5
5d74001d391b6600175f433b,Now,1.083333333,13
5d76a776f6630c0018431c01,Now,1.307692308,13
5d78647e4dadc9001a3e34dd,Now,2.142857143,10
5d7af4ee784e52001b9b02da,Now,3,15
5d82be0cf45ead000150f026,Now,1.1875,16
5d82d28977546f00166ae702,Now,1.235294118,17
5d83d2f1ae7a8b00017ec6a9,Now,1.764705882,17
5d847ac9be4b0b00188463d7,Now,1.8,10
5d849ee0a954540019f513dd,Now,1.428571429,8
5d88db42c1d06e001a1fdcab,Now,2.230769231,13
5d8927d21571f4001c8ce125,Now,2.6,10
5d8c46cc53b833001a4bf916,Now,1.176470588,17
5d8d12f6d88e3a00142c9751,Now,2.461538462,13
5d8fea94efcbb5001756364b,Now,1.714285714,14
5d9373b0e04970001ab482da,Now,1,7
5d93c9c410165c0015326102,Now,1.6,10
5d94794a521f890016f93604,Now,2.714285714,14
5d9a09095223b6001809f1c9,Now,1.363636364,11
5d9f8573ce3daf0015e3e400,Now,1.117647059,17
5daa18ed95be5f00133609e8,Now,1.25,8
5daa6f580d55870011370fd3,Now,2.3,10
5daab7a060ac5d0014235b89,Now,4.636363636,11
5dacf17a6f11e500163e3bc4,Now,2.1875,16
5dae25fc2e361800135fbd02,Now,2.294117647,17
5db0a97f127d4000117cdfa0,Now,2.25,11
5db222231ff7b4000ab2cfc1,Now,3.625,16
5db3029ffa4efa000a145bde,Now,1.625,16
5db3b031efa9f6000cf02400,Now,4,6
5db6ff8c7f9e6b000dd24a19,Now,2.294117647,17
5dba287f9653e80734e335d7,Now,2,5
5dbaded2af6b8e0e8c3632ed,Now,1,17
5dc091fa9be08f03fb01a816,Now,1.5,14
5dc1c27fb3e5c212018d9e33,Now,1.714285714,8
5dc1cd625fd2031344dfe43d,Now,1.133333333,15
5dc1eb838a84461511b3cd73,Now,2,12
5dc4175e3317732e53467e8b,Now,3.058823529,17
5dc47ddd034b45342d3b2e3a,Now,1,1
5dc59aea37023940a0860dea,Now,1.411764706,17
5dc8d8b90a0b38630af7a0ba,Now,1.875,8
5dcaf5db575da17c63ebb51b,Now,1.411764706,17
5dcca657854936945d68eaa9,Now,1,12
5dce29700ad506063969a4a5,Now,1,15
5dcefcd0307b8d05031d7264,Now,1.823529412,17
5dcf0e94fce60605794da411,Now,2.090909091,11
5dcf402982569a08ddd84086,Now,1.705882353,17
5dcf7b49523df00ae9c4e07e,Now,2.090909091,11
5dd0c43acaee3e187643d32b,Now,3.625,16
5dd106ec7beb291ab1c63d0f,Now,1.647058824,17
5dd1964987c1fd2082c4d88e,Now,1.294117647,17
5dd1ab5dd3ac2a21600f87b8,Now,1.5,16
5dd2c9f2c925a82e5167ef8b,Now,1,17
5dd3e852b988873c617cd21a,Now,1.647058824,17
5dd3e9d93228863b9c89ad1a,Now,1.466666667,15
5dd5db1ded7ea4574c7bc996,Now,1.333333333,12
5ddaa1e583e309a04100bd57,Now,1.470588235,17
5ddae85b393bd3a44d7cbaaa,Now,1.9375,16
5ddc516e82a527bc2397e6e1,Now,1.352941176,17
5dde8fba82f458000c8c7c75,Now,4.153846154,13
5de01c13c3a15e0a03332169,Now,1.1875,16
5de1986c040f531f97eb6092,Now,1.176470588,17
5de481c2a49875052fcf6dee,Now,2.375,9
5de7f5d27c17f804d007da90,Now,3.529411765,17
5de82c263aa2777a36b996b2,Now,1.235294118,17
5de9ca36a484410fdd8a928b,Now,3.6875,16
5de9ef512dc5c612021d3038,Now,1.2,10
5dea76e109c1071948aed0ff,Now,2.6875,16
5dea8a8fcd6328000aeb1cf4,Now,2.058823529,17
5deb3c192235ad24f4a21826,Now,1.647058824,17
5debccb0389fde2b5e13fcea,Now,2.857142857,14
5dec1c522911273179e44dbe,Now,2.333333333,7
5decaac46e09cf3792805023,Now,2,17
5dee72917309b950e5262f3a,Now,3.5,14
5df162b6c76aa6080c4c7694,Now,2,5
5df58b28ecb3ea3ed1ceea37,Now,3.75,6
5df97abeabec5d6fcbbc764d,Now,2.8,15
5dfb693a73d72487b1fe495b,Now,1.888888889,9
5dfc64647adf4b971f329cbf,Now,3.625,16
5dfcfabe2b12bd9d55590694,Now,1.214285714,14
5e025e51a2c696de398fa46b,Now,2.8,15
5e04446a783225ee6e9ed929,Now,3.5,16
5e065bba5a342503b3f3e0bc,Now,2.5,6
5e0d416d13ec504cb9c43cbf,Now,2.5,15
5e0e32ee1d4607573dc85b1f,Now,2.176470588,17
5e0e66730db8925a55fffbd5,Now,1.444444444,9
5e121701dc79bd8a1a22ca99,Now,1.6,11
5e121b2b82a955890a9b3484,Now,3,10
5e1276f7e69d0a912635da16,Now,1.692307692,13
5e13d5a0398bb6a1517fab4c,Now,4,14
5e1414d158a5c7a5a1d99be3,Now,2.384615385,14
5e15e63a4f40fbbd907aff1e,Now,1,9
5e175705cfe8dc000b559793,Now,1.933333333,15
5e1797da928b15062260e30e,Now,2,10
5e1882adfd7db4158998b5f0,Now,1.538461538,14
5e19c8d1477f3b24e0ac5efa,Now,2,13
5e1a288a1859772a7ff2700a,Now,2.529411765,17
5e1b9d3d08b5ba3c86879d5b,Now,2.875,16
5e1c138a2bf9514062e4de6b,Now,2,17
5e1f938b06121f2be0d1ead4,Now,1.714285714,7
5e2039ccf0b71e34ef9c60a2,Now,2.411764706,17
5e2093a7e10aa2000c631268,Now,1,11
5e23646fd3ba5760bca7801c,Now,3.705882353,17
5e2784b2cf46ff9ab1191cc9,Now,3,8
5e27868c5cbbcc0b3599574b,Now,2,14
5e2861fb5c6297029148b635,Now,2.571428571,7
5e28e8730fd86a0a19e084cd,Now,1,15
5e29ada5d441690127fb5748,Now,1.647058824,17
5e2a425609072a0abb76094b,Now,2.25,16
5e2ac2aa0038f21089a533a4,Now,4.571428571,14
5e2b0d34a8dc8c000cc53114,Now,2.6,15
5e2e9c7388448746ab366b7f,Now,3.5,8
5e311dd7a390be11ebfc23c3,Now,1.636363636,11
5e35d4a59d323458753819d2,Now,2.5,7
5e37b3d7abde98738c0f1e7c,Now,3.125,16
5e3889c805856605d1838c21,Now,3.357142857,14
5e38e79295ff561112eae457,Now,1.615384615,13
5e39d872793a082024d9cf18,Now,1.125,16
5e3a7e26ca5cf328020dc4b6,Now,1.625,16
5e3adfc595ff562fbdd130fa,Now,2.461538462,13
5e3b9b820014e23ad71813c8,Now,3.454545455,11
5e3cba059e9d0b0b3663c90c,Now,2.357142857,14
5e3d679eaa341501c1a5a90b,Now,1.272727273,11
5e3d91a08dfa83000c9f4d36,Now,1.1875,16
5e3dff6b8714b707b9a258b0,Now,1.666666667,12
5e40774a2ee93c2ae0ecad03,Now,2.090909091,12
5e416e22fb96eb000b3fe2a8,Now,1.2,16
5e41d817cfafb807ef94486a,Now,2,16
5e44399336d11f01939401eb,Now,1.647058824,17
5e46f51bc3298c1bf813a984,Now,2.647058824,17
5e4a1730c94447480594cea4,Now,2.142857143,14
5e4a59b502b78f4a232c0cff,Now,3.818181818,11
5e4af9e73485dd000c99724e,Now,2.866666667,15
5e4dd61e228f8723566e06d4,Now,1.4,6
5e500182080ac1000b1c7315,Now,2.8,15
5e51dfe3618c57215938d7b7,Now,1,10
5e52d0122f5f952f2a7b6b28,Now,2.333333333,12
5e531b2205acdb33c0f5f24c,Now,2.470588235,17
5e552a5e45774651f60e62b3,Now,2.1,10
5e5ab88a43f33029b119a48c,Now,1.823529412,17
5e5b0bcc7a584430eb8bea65,Now,3.083333333,13
5e5d641259df370779040d9e,Now,1.375,16
5e6027f12036113753519c82,Now,1.5,16
5e602d66bc402a381b35f74a,Now,2.5,8
5e606b1eaf84e83c728748d7,Now,2.764705882,17
5e614c386ee9b3017b83e4bc,Now,3.111111111,9
5e63e24eaf3bd51660031dbe,Now,1.6,15
5e649034feba20212bb729db,Now,2.3,10
5e65c211b45c6432d8227e4c,Now,1.428571429,8
5e667f3bc3f30a4050fc8f2f,Now,1.125,16
5e6690ca0ef3a301da87b4d9,Now,1.777777778,10
5e683c4d6ca0f9000d3f35fe,Now,2.25,12
5e6869e6fe7f431210ced3f1,Now,2,5
5e6989bc651f7d241449fccf,Now,3.235294118,17
5e69987e0873d600084bc920,Now,1.8,11
5e6d3b17a2b73d2f7aef3d04,Now,2.363636364,12
5e6da92a65f32b372cf0fbdc,Now,1.5,14
5e6ef5fbf14d264ae2ef3867,Now,1.555555556,10
5e6fd38fe95be7071b5196bf,Now,1.8125,16
5e700bdb6319c15ed8726932,Now,1.375,16
5e770f11a9d3b527c662aa23,Now,1,17
5e78bf026d9a62443b9d5b74,Now,3.285714286,8
5e795b321feceb5164cd115d,Now,2.230769231,13
5e7c987c0d34ae2d8f9c7d8e,Now,2.75,8
5e7d031be805560ae6b93dba,Now,3.5,9
5e7daa886c123242e86c8138,Now,2.545454545,11
5e7f64a99b18e463f74b0c91,Now,2.769230769,13
5e80d8569d1bdf03449b0c2e,Now,2.1,10
5e815773285d3883ba2fbbcf,Now,1,8
5e820eb36551aa02fd72e1dc,Now,1.909090909,12
5e82cbf3469f74a0b6d0fd29,Now,2.533333333,15
5e83d36b6d7daf107aea7a7c,Now,2.75,12
5e8421d0df483e18852ff25e,Now,1.555555556,9
5e84253b26729e1847f16611,Now,2.2,10
5e84b8443f064006f1b5215c,Now,3.1,10
5e84cf62eabe5c081ea860c5,Now,2.333333333,6
5e8537fe23609011fe987ca7,Now,1.5,3
5e876872ca754f08ceb52e9e,Now,2.461538462,14
5e87e49bb69f7b469f03cc68,Now,1.9375,16
5e89fdffad009e010e958ee7,Now,3.066666667,15
5e8b835818346405e2571585,Now,1.941176471,17
5e8be450affef10d24343a7f,Now,2.058823529,17
5e8d44819163b611f62d706c,Now,1.909090909,11
5e8fa34befd9542a66b02feb,Now,2.111111111,9
5e911cfaefd95445d5a6c890,Now,2.3125,16
5e9128974d246b4532f248ff,Now,3.470588235,17
5e921c1b451807056a5e85bb,Now,1.5,14
5e935ec0ba38620009a3b0d8,Now,3.352941176,17
5e9420fb792513752fd18744,Now,1.9,11
5e9732d6bafec41daaf8fc30,Now,1,8
5e975c32ca82b62079dc8f7c,Now,3.636363636,12
5e975ea254955d0bfe9f7929,Now,1.882352941,17
5e9a567a22a6fa0ee4cf44f1,Now,2.692307692,13
5e9a600390f4ad0f0f200993,Now,2.125,9
5e9aa65a9d211b140b6919f7,Now,4.733333333,15
5e9b061b5eb4e3000a5ebc0b,Now,2,7
5e9b8957035d900898422c3c,Now,1.888888889,10
5e9ca054511e7a1c5c5640e5,Now,2.294117647,17
5e9f55237c0db50bb0a02621,Now,1.888888889,9
5e9fc65dee2ccf178f0e413f,Now,1.529411765,17
5ea08654ea87f206588b6b50,Now,2.0625,16
5ea3b1b9fc11ed33dde53561,Now,1,17
5ea492e3b1b3620a6fee3b90,Now,2.727272727,11
5ea523b2a7782138712c7e1b,Now,4.142857143,14
5ea5d2b8d2bc3308f7af06d5,Now,2.3125,16
5ea5dd6605b5170963934a65,Now,1.588235294,17
5ea70b0537c5170b90ece8ac,Now,1.176470588,17
5ea7434507a21c11406c58d6,Now,3.285714286,9
5ea77b0161f86b151f475c8f,Now,1.588235294,17
5ea8fe56a6d1a135a5a442cd,Now,1.142857143,15
5ea9024a58a5ae36f0416ed6,Now,1.466666667,15
5ea90a840928983752c88275,Now,1.833333333,12
5ea963dc8304320363c8398c,Now,1.444444444,12
5ea9704edf73440535b5e34d,Now,3,3
5ea997837d28170bc5125c56,Now,1.727272727,11
5ea9cc7058ebeb11a12e659c,Now,1.333333333,12
5eaa605c7c3cbc1f14421a94,Now,3,12
5eaa6339b2e5311e8e020396,Now,2.4375,16
5eaad5dcc2e64603e5122442,Now,2.466666667,15
5eab89102e910016bb0b5414,Now,2.615384615,13
5eac2cc56665cc23af76e945,Now,2.846153846,13
5eac6f1aa8b3bb0dcfebeba9,Now,1.923076923,13
5eadc21b6d4da6467f9d0a6b,Now,1.933333333,15
5eaf02446c144d5e3a4d4562,Now,2.25,12
5eaf33928c0ee3626f0036e5,Now,1.6,5
5eb02a40b17a8c0868685d32,Now,1.5,16
5eb030b6e679c6080c9b2350,Now,1.411764706,17
5eb0deb2bd00da19c156f390,Now,2.416666667,13
5eb1bc2b9d57e52f90d13214,Now,1,15
5eb24b26f30ede1a6ae46c14,Now,2.75,4
5eb2d579ed24d507082b07a2,Now,1.823529412,17
5eb2f1a1ce5ba10ab2c0a042,Now,2.25,16
5eb33612d573b51326905f30,Now,2,12
5eb52896e034073a7b8aa981,Now,2.066666667,15
5eb635754bbde6534e62c05e,Now,1.333333333,12
5eb960c022781303ab1ca871,Now,2.941176471,17
5eba34aa6f816b16d72f49e1,Now,2.571428571,14
5ebc75d16a8f8f0c09ba480b,Now,2,10
5ebe057674d69c15b1642055,Now,2.818181818,13
5ec12ad1759b78000a4f9965,Now,2.941176471,17
5ec19dd52abb6a5ce5b9fe05,Now,2.705882353,17
5ec2f967fa87231315e8b60c,Now,2.5,16
5ec2feeb47c4471339d3b2ce,Now,3,17
5ec453f93ba6b432bdf01d58,Now,2.928571429,14
5ec46d59c1c5e016fafe11d6,Now,3.0625,16
5ec5880e02a64c5b4102561f,Now,1.058823529,17
5ec5a64c306f255ec98d5cc1,Now,1.555555556,9
5ec5ba3e981556631c1a78ba,Now,2.083333333,12
5ec6c96f5b660e0f25ea094c,Now,3.2,6
5ec75df0d799ae1c11a8115c,Now,1.9,10
5ec771e68288e91bf1919096,Now,3.625,10
5ec7ec01fc75cf27b5dd16ee,Now,2.235294118,17
5ec81134ac7d6b2b9ac51453,Now,1,13
5eca36ad460a2b19ab37697b,Now,1,17
5eca8de81197051fa92b5a6a,Now,1.2,6
5ecaa9b289161d043d541b6c,Now,2.642857143,14
5ecacb83b7f79d242d455216,Now,1.666666667,12
5ecc6fb87c7c7646490f3cf8,Now,1.333333333,12
5ecd649985aa0b0c194928bb,Now,2,10
5ecffcc0d483170a794928e9,Now,4.117647059,17
5ed0091bd374190b9b04045d,Now,2.235294118,17
5ed062703c9248144a334cb4,Now,2.125,9
5ed081544e61f3163c036286,Now,2,12
5ed17af75957f60d040e3f34,Now,3.076923077,13
5ed1c05a74af59110a5aa82f,Now,2.8,10
5ed2109da3c8c204b76f6cd5,Now,1.470588235,17
5ed53833cb34a1098e5e2bce,Now,1.818181818,11
5ed57ec8141d24118731f1bc,Now,3.111111111,9
5ed8c264d134c803a2670e4c,Now,2,15
5eda5c5faf7c7f08a2f68cb7,Now,3.75,12
5edad5d3b940fe72e6c321ac,Now,1,17
5edaf0abba14031b7899eb3f,Now,1.352941176,17
5edbf245e31b590a6e572482,Now,2.6875,16
5edc195a95d5090e1c3f91b2,Now,1.705882353,17
5edc3b7a96a72790ae256a1d,Now,4.642857143,14
5edd13e3858a15a07241964b,Now,1.071428571,14
5eddaaaeb2a4d6ab5be32a02,Now,1.727272727,11
5ede432f75bfd1073c1501d8,Now,2.272727273,12
5ede8a971588b310e81f852f,Now,2.266666667,15
5edeb3b209233c154f4d552a,Now,1,17
5edfb0770fb0722aa3839b6d,Now,1.875,8
5ee09c1a0c2ad1027f541f53,Now,2.3,10
5ee0f5feec87fc0bc5eabdd7,Now,1.75,16
5ee100c8ac33db0e30697284,Now,1.75,5
5ee1327109ae2e4f8e01bd60,Now,1.363636364,11
5ee150a384b8a1164fef6273,Now,1.692307692,14
5ee232f2b970662cfa352567,Now,2.133333333,15
5ee2b44f470fa7446a470c8d,Now,1.875,16
5ee2c239f4ec4b804a79cf80,Now,2.411764706,17
5ee3a34e16ad19048aef74f6,Now,1.7,10
5ee3c01c7247c006e9a3f4fd,Now,1,16
5ee644b8a00c6d0621d20793,Now,2.4,10
5ee64e85c682de3a880579c6,Now,1.333333333,9
5ee6706034f12e3d82d952aa,Now,2.272727273,11
5ee8fdbb6b0e1325a483f9fa,Now,3.176470588,17
5ee9b0eb623285360eda1910,Now,3.4,15
5eea5252da0cfc115e24e69b,Now,3.181818182,11
5eea591930ca5f0ddaa75a7f,Now,3.142857143,14
5eeab761609f0d1df85d61bf,Now,2.307692308,13
5eee3a583a975d29fd3e6f38,Now,3,13
5eefa601e2550709b46a3dff,Now,2.454545455,13
5ef05a7425018a31e8bb3c68,Now,1.933333333,15
5ef165863c30cb15b9c83613,Now,3.4,11
5ef1980b60a4447bc1a5408c,Now,2.428571429,14
5ef428a45311db1c83d82b34,Now,2.916666667,12
5efba90ef81cbe13a3d7df40,Now,2.411764706,17
5f034b403ad29e529145f174,Now,1.846153846,13
5f0963c6310eaf000b922e94,Now,2.1875,16
5f0dec5bb2612205fe864ab6,Now,3.125,16
5f109c350780b10d05983394,Now,2.454545455,12
5f16f559325a640008bb9a07,Now,2.235294118,17
5f1703a31ea06d025b729ad9,Now,3.4,15
5f1a30f8e8cd9a11b2832182,Now,2.916666667,12
5f2502c10858c4143fafa023,Now,3.384615385,13
5f26a21c70a6d23f6032b1ea,Now,3,14
5f2853a8e736e613955f73bf,Now,3.533333333,15
5f29aacd4eeb0b10914d3dc5,Now,1.2,15
5f2a12f5837dd81e5881b7cc,Now,1,8
5f2a13417b4ac51dc95d38c1,Now,1.705882353,17
5f3557097104764efaee9bbe,Now,2.470588235,17
5f3ac1732efa0a74f975b1a8,Now,1.142857143,14
5f3b4854ac7ac783ce22070e,Now,2.235294118,17
5f3ed5c238cf461818f961b0,Now,2.5,12
5f469dcf5fcb5d0355771013,Now,3.75,4
5f4813c94e8b081877fb26a6,Now,2.214285714,14
5f482b0da1cde52de45f174c,Now,2.1,10
5f48348c7dfbf12d50c6a7ec,Now,3,8
5f49f3262a3d07563d14a7f1,Now,3.454545455,11
5f4a7a00dc1bde60ab8f7ac5,Now,1.583333333,12
5f4c4b277200c9868db9d43f,Now,2.125,16
5f4c4dd50a92c286c1972f06,Now,1.176470588,17
5f4c5105ad5ee685d48bcca2,Now,2.333333333,12
5f4d1371c20934977e621ac3,Now,2.444444444,9
5f4ee7ff2c5da213f015a27e,Now,3.142857143,7
5f500418133110165a1539a9,Now,1.285714286,8
5f50468c0868af1baaec306c,Now,2.285714286,14
5f50732850c7c600098593df,Now,3,9
5f52e45ad408d55fa156aa21,Now,1.117647059,17
5f5834134283933a1c3b42d0,Now,4.125,16
5f59dc445d3541000c150f40,Now,1.785714286,14
5f5d48f1c6768e5bcae08170,Now,2.636363636,12
5f5d967f60d7fa5fdca4cc4f,Now,2.307692308,14
5f5f039252a9217cad40cc18,Now,2.857142857,9
5f5feca329bdfb0cfc2a8928,Now,2.470588235,17
5f6c102b6ec04317fc9a8127,Now,3.125,8
5f6e36c7f042f033d0f97bc1,Now,1.066666667,15
5f723cf881f5c0159cfa6da1,Now,4.285714286,8
5f7392562b5e060e795d20db,Now,2.4375,16
5f773334d74b082186824cac,Now,3.647058824,17
5f7d3ace29e51d20f794994a,Now,2.928571429,14
5f94a8e7fa8c422fc88940b0,Now,1,16
5f9803e732d857040c277dd9,Now,4,12
5f9c3ecd9a95b50a57842e5c,Now,1.5,15
5fa322092858085f30d5b011,Now,1,17
A10MSB9X1UFLJ5,Now,1.2,10
A11TPUPFP2S4MK,Now,1.352941176,17
A12FTSX85NQ8N9,Now,1,15
A13FUEPWBCLBUY,Now,1.058823529,17
A15VCKELIEEPJN,Now,2.058823529,17
A16G6PPH1INQL8,Now,1.75,12
A18VIO909RWY6D,Now,1.928571429,14
A1BNYBF79IQ89T,Now,2.25,16
A1DMXEJGJY02E1,Now,1.875,8
A1DZMZTXWOM9MR,Now,1.071428571,14
A1EUBMQ86K32XE,Now,2.466666667,15
A1F9KLZGHE9DTA,Now,2.666666667,12
A1JJYY622DGE5L,Now,4.285714286,14
A1L3937MY09J3I,Now,1.8,10
A1NZFJHVJ9CNTO,Now,2,16
A1P2RQ166VS5BT,Now,2.466666667,15
A1RV2LERVS0A4H,Now,1.333333333,3
A1TLNLB9D87H6,Now,1.545454545,11
A1V1JNPU0KOA3X,Now,1.5,7
A1VR1XQEQQXYUE,Now,1.176470588,17
A1ZT30BGR3266K,Now,1.8,10
A2196WCNDZULFS,Now,1,3
A222R4PNCF08OF,Now,2.0625,16
A22ABLVEI5EGPL,Now,1.5,6
A2615YW1YERQBO,Now,1.25,12
A2DWPP1KKAY0HG,Now,1.875,16
A2FGKKWP33DFWS,Now,1.647058824,17
A2FL477TMKC91L,Now,1.222222222,9
A2MHY064OSYIBI,Now,1.941176471,17
A2MUCL20GTQJA0,Now,1.428571429,7
A2NO3OTBZYY43Z,Now,1,17
A2OO4PG3LBLP5I,Now,2.636363636,11
A2OVX9UW5WANQE,Now,3,14
A2S64AUN7JI7ZS,Now,1.833333333,12
A2TLN8489YGY81,Now,1.533333333,15
A2V27A9GZA1NR2,Now,1,15
A2VLTSW6CXIUMR,Now,1.666666667,11
A2XQ3CFB5HT2ZQ,Now,2.307692308,13
A2Y0WNHMT4PZ4C,Now,1.307692308,13
A2YGOORS5N9RW8,Now,1,6
A30RAYNDOWQ61S,Now,1.2,15
A30UE6DWFNUCWX,Now,2.466666667,16
A3180VXVP8MOIH,Now,2,10
A3388HIWAKD3DV,Now,3.235294118,17
A34SIGOLUGKIHJ,Now,2,16
A37JSOJH9695SM,Now,2.3125,16
A37OUZOGQKGMW0,Now,1.375,9
A38I0E8UK53ME5,Now,2.777777778,9
A3D2U4QF7821ZW,Now,2.6,10
A3F51C49T9A34D,Now,1,13
A3FAF93BMDJLAL,Now,1,17
A3FGT6EU39C6S4,Now,1.466666667,15
A3I40B0FATY8VH,Now,2.5,8
A3KF6O09H04SP7,Now,2.076923077,13
A3O0QZQ4V2IXT7,Now,1,13
A3O0ZQMDKOKAMR,Now,2.3125,16
A3P5WIW36V70AI,Now,1.235294118,17
A3QEVFM3UD67BA,Now,2,16
A3R5OJR60C6004,Now,1.4,15
A3UPZ88FI1EJC,Now,3.6,10
A3URLNXHLP4ARU,Now,1.823529412,17
A5BMKZRGHNSRT,Now,3.375,8
A98E8M4QLI9RS,Now,2.3,12
AA4O2W236E3FW,Now,1.333333333,15
ADZHJZ078THWQ,Now,1.294117647,17
AEWGY34WUIA32,Now,1.714285714,7
AGWWUXDX6CI38,Now,2.470588235,17
AIEKCWYZTS41V,Now,1,15
AIHHRINW9IN1I,Now,1,14
AMELYCC59JKB0,Now,1.8,15
AMV1E7FFPVAW4,Now,1.666666667,12
APGX2WZ59OWDN,Now,2.5,9
AW5O1RK3W60FC,Now,3.111111111,9
AXMPSUNKUBEIL,Now,1.428571429,14
AZNIEFUIVB2H0,Now,1.2,15
546f8a9cfdf99b4a593414ea,Prev,1.117647059,17
5484fd09fdf99b38dfb9645c,Prev,1.466666667,15
5490c822fdf99b71ba910e1a,Prev,1.833333333,6
54af2a48fdf99b09c01b3801,Prev,2.117647059,17
550bb70bfdf99b6853dab45e,Prev,1.533333333,15
557d84c8fdf99b4d577438df,Prev,2.176470588,17
5588d358fdf99b304ee5674f,Prev,2.7,12
558acd52fdf99b65685f03d9,Prev,1,3
5591cd21fdf99b63126f6c60,Prev,2.416666667,12
559d9916fdf99b1e2b2dc6b8,Prev,1.285714286,8
559ef308fdf99b2616ff2a4f,Prev,2.222222222,9
559fa17cfdf99b69c369d364,Prev,1.823529412,17
55b237e6fdf99b19ea79d2f7,Prev,2.6875,16
55b9a9b0fdf99b6906d2aba4,Prev,1.2,11
55be9292fdf99b4c861994d8,Prev,2.5,9
55cd909c34e906000a8d1e1e,Prev,1.714285714,7
55ddb84550a1f7000b90d65a,Prev,1.294117647,17
55ef4896b9401300137f40ac,Prev,2.764705882,17
55f63fc432af740012171ef6,Prev,1.588235294,17
56259489ed6e5a0005c80fde,Prev,1.285714286,7
5687d85e369319000c269c55,Prev,1.705882353,17
56d0f57421cd29000a9737e4,Prev,1.666666667,15
56e130548b1c33000a388671,Prev,2.545454545,11
56e1bbcb6ce054000b3ffcb8,Prev,2.625,16
56e6a66af6ed900006a5867c,Prev,3.25,16
56ec151f388e1d000a5924d0,Prev,2.888888889,10
56f0393f3f71990005d0e66d,Prev,1.176470588,17
56f9364e895094000c8f4967,Prev,1.176470588,17
56fa002e8425ef000b3a4276,Prev,1.133333333,15
56fdff4ee0f9ff000f19c466,Prev,1.4,6
570521cfde5095001018a0c8,Prev,1.125,16
576017836442fa0006cfb7cd,Prev,1,6
5761c23632676f0007eb36b3,Prev,2,2
57656f6c2bfddf000125cce5,Prev,2.352941176,17
578673a9275be6000135880e,Prev,1.8,5
57a761c22fc0d400012c9656,Prev,3.823529412,17
57b60487e5b60d0001083aea,Prev,3,7
57b9bafdfc23450001acc1ac,Prev,2.615384615,14
57bb6878eb28030001f7ea94,Prev,4,13
57bca845e2101600015e8e88,Prev,1.076923077,13
57d6dd8d6598aa000199188b,Prev,3.083333333,13
57dd766bbcd7150001ded5de,Prev,2.066666667,15
57e7bb4e73e67300012b8e2a,Prev,1.571428571,14
5800e50de3536e00012840f4,Prev,1.166666667,12
58066bf52d948b00014ba876,Prev,2.727272727,11
5825ecee95f3030001cf889a,Prev,2.058823529,17
5831f08ebfb3b400015a6ad4,Prev,2.352941176,17
583b397f54686200010f1d20,Prev,1.285714286,8
583f12f545073d0001fac52d,Prev,3.333333333,6
58474a9c89af6500017f4cd6,Prev,2.235294118,17
58742bf5d53c97000159df8c,Prev,2.8,15
589a46af57995d0001a8a03a,Prev,1.588235294,17
58a43e029a17120001d910d5,Prev,3,9
58a63a64ea3d11000170e1cc,Prev,1.615384615,13
58ac890076c5b70001662993,Prev,1,16
58dc1373463f960001ba45b3,Prev,1,17
58e79ac632bebb0001b741ec,Prev,3.352941176,17
58ed2be2a083320001a13783,Prev,1.5,14
58effc65c31d4d00015aa5b9,Prev,1.470588235,17
58f10189738cac000116d3ab,Prev,3.294117647,17
59296fb2e8a7ff000163f033,Prev,2,17
592e85797b619d0001cb07e9,Prev,2.666666667,9
59347d4f53490b0001563e47,Prev,1.25,16
59417543c768a500011c9731,Prev,2.428571429,8
5953d01e4d560700016462da,Prev,1,4
595b93be7882150001240e21,Prev,2.153846154,13
59658491b9153e0001617465,Prev,2.454545455,11
597fe89a1b41a20001749f57,Prev,2.285714286,14
5987c9f26ab9880001b5b04d,Prev,1.888888889,10
5993020a5f49420001caf86b,Prev,2.375,16
59977c8ba7b2400001523396,Prev,2.857142857,14
599be3660ed7ae0001991db9,Prev,2.583333333,12
599eaf0fbfd73c00010ea24e,Prev,2.6,11
599ec7dc617ca80001fcd124,Prev,2.375,16
59a1de0cec2f75000124eeaf,Prev,1.352941176,17
59ad6f1e09709e00013c2ba5,Prev,2.133333333,15
59c0782e5364260001dc4740,Prev,1.285714286,14
59c6305e6a287600011c388d,Prev,2.882352941,17
59dc458f77860e000151240e,Prev,1.083333333,12
59e833e72f63d30001c8fb86,Prev,2.076923077,13
5a03d20a7ecfc50001be0a7a,Prev,2.214285714,14
5a04869ff2e3460001edad2e,Prev,2,6
5a0d9553fe645f0001e9f852,Prev,1.3125,16
5a212dcc7b108200011e040c,Prev,2.357142857,14
5a21b2e1e473b80001baaa09,Prev,1.733333333,15
5a3bdd2c8d005a0001829f3e,Prev,1,6
5a49d6a06d85f80001c25bc4,Prev,2,2
5a4bf09053a4560001ba0ebf,Prev,2.571428571,8
5a5c23afe0cf3d0001268781,Prev,1.4,15
5a5d7a42acc75b00017a8193,Prev,2.875,8
5a6f1ccade1f390001dbd8b7,Prev,3.692307692,13
5a708ef2f1530b000103bfab,Prev,2.555555556,10
5a78e410ae9a0b0001a97274,Prev,2.833333333,6
5a7cb079aa46dd00016b5bfb,Prev,4.125,8
5a8891155292b800012316a8,Prev,2.571428571,7
5a91877e777df200015fa0f5,Prev,1.117647059,17
5a9262251eda410001360b2c,Prev,2.727272727,12
5a947fb0f05361000171b5a3,Prev,3.25,16
5aa55cf8dbdb470001ef4cc5,Prev,1.875,16
5aa637861eda41000136d5d2,Prev,2.714285714,7
5aa806e7777df200016088c5,Prev,2.727272727,11
5ab415206db3e700011bde54,Prev,3.090909091,11
5ab8026547a9f7000153a324,Prev,1.529411765,17
5ab84333f69e940001d8f0af,Prev,1.5,10
5ac6cc039534ba0001c75642,Prev,1.538461538,14
5ace650a436f550001004f87,Prev,2.294117647,17
5ad9cc7ddfcfcb0001e667f3,Prev,1.333333333,16
5aeda69f9457e00001054d76,Prev,3.692307692,14
5aeeb4903c80f200013af2ed,Prev,1.058823529,17
5b0fa626bd9c310001568d6c,Prev,2.625,8
5b15307351caaf0001228d9b,Prev,1.294117647,17
5b15de5cbd9c310001570400,Prev,2.411764706,17
5b16ceb0bdf4e10001630f58,Prev,1.764705882,17
5b197b8088ee7400012ae154,Prev,3.214285714,14
5b25c819a7cee100011d9091,Prev,2.1875,16
5b26ed8a8ecf3f0001619040,Prev,2.588235294,17
5b32c0ff975e260001e97d0e,Prev,2.5,8
5b3e3a299a6a140001222ea1,Prev,3.176470588,17
5b457ba9eb64c200015bbab1,Prev,3.25,8
5b4d31673d01bd0001ec447e,Prev,3.909090909,12
5b4d39f2d4c93b00019c8217,Prev,2.666666667,12
5b5a822e1ad8270001c4f28d,Prev,2.2,10
5b5c8d4e10aec90001ed4bee,Prev,1.5,6
5b619b6c5256470001bcf992,Prev,1.625,8
5b707a406f0ed10001bfb973,Prev,1.071428571,14
5b76ce43bfc4cb0001f2c4c3,Prev,2.117647059,17
5b76d0f5fca8d9000139404c,Prev,1,2
5b7cbe9db630cf000125dffe,Prev,1.4,15
5b954f10754b700001f06bf0,Prev,2.7,10
5b97f70161c19e00018db4a8,Prev,2.4,15
5b97f8988ae8150001c7a887,Prev,2.454545455,11
5b9ec956c8a17f000171f7ad,Prev,1.25,16
5b9efb73d1ff7a00013bfe84,Prev,2.5,14
5bcb229aa8920a00013060fa,Prev,3.066666667,16
5bcd295277740000016ab0a5,Prev,3.222222222,10
5bd9f569eb22f2000183df4e,Prev,3.058823529,17
5bd9fed6780d50000109c503,Prev,2.25,9
5bdbf2d92562330001b8d056,Prev,1.846153846,13
5bdc4d25a49c2800019e1c24,Prev,3,10
5bddd64b48428800013061a6,Prev,3.785714286,14
5bddf0f876219d00014b145e,Prev,3.363636364,11
5be0a65507684000010cf0f9,Prev,3.733333333,15
5be2e7e491deed00015adcb0,Prev,1.4,15
5be781ca3b047e0001a39e47,Prev,2.272727273,11
5beb8419aec9ef0001e9d5fb,Prev,1,17
5bef87523d79ff0001275154,Prev,1.615384615,13
5bf08e67d63d690001360a79,Prev,1.636363636,12
5bf32090a155c300016f3c06,Prev,1.352941176,17
5bf5ab78f35e0c000101b657,Prev,3.5,8
5bf720e60b616400019c6c6c,Prev,1,11
5bfd81fb2feab400014d9060,Prev,1.117647059,17
5c0023fb2213be0001c2cdde,Prev,2.363636364,14
5c003b5c2c8cc1000138e25f,Prev,3.375,16
5c0150326a0c6e00013c6068,Prev,2.117647059,17
5c03217b1a20110001e979f0,Prev,2.75,4
5c05ff644c14cf00019db0a9,Prev,3.588235294,17
5c0990b854deae0001ac693c,Prev,3.647058824,17
5c0a696aa4e5fc0001759543,Prev,1.909090909,13
5c0f1cf4f3027300014b606f,Prev,2.666666667,15
5c101f812a1a620001f04007,Prev,2,5
5c11f8202b16ba0001c8b764,Prev,1.142857143,8
5c12521fbf739a0001cfeb03,Prev,1.8125,16
5c1bc0ab84ff14000184c2ce,Prev,2.2,15
5c1c137b0739430001693cf5,Prev,2.857142857,7
5c223d4a4a7e1f000137e5b9,Prev,1,16
5c27f83289f035000174a168,Prev,4,13
5c28113978fad50001932f58,Prev,1.928571429,14
5c2cdb4e213a1a0001b9c475,Prev,1.833333333,12
5c2d187569ceff00011417de,Prev,3.25,5
5c2fcd716ea6880001dc8e3d,Prev,2.214285714,14
5c3027ef69d7820001063974,Prev,2.076923077,13
5c31847f10677f0001ddc781,Prev,2.9,10
5c3282cd53d7b10001934577,Prev,3,5
5c381b1ce4dbd30001fbc9c9,Prev,2.1,10
5c39606586c1450001a9675d,Prev,4.25,16
5c3a34eebe1ddc0001aa35d6,Prev,1.9,11
5c3fb71b36052e00016bb1a6,Prev,2.25,8
5c40e7d99d27f00001159a65,Prev,2.272727273,11
5c43349027bb0d0001282427,Prev,2.8,10
5c454961f5e3bc00014ed20b,Prev,2,14
5c4684826a7dbc00017c0a87,Prev,2.4,7
5c47d714a8703f0001b6e780,Prev,2.153846154,13
5c4de8f726093e000134ee6e,Prev,1.6875,16
5c55fec09fcbc40001dc50b5,Prev,1.058823529,17
5c5732a80a537a00019ea4eb,Prev,1.470588235,17
5c57631a47a04100010da795,Prev,3.111111111,9
5c57c06ed05b82000139682e,Prev,2.25,16
5c586f5eee248f00016b7fe7,Prev,3.333333333,12
5c58e01e6f4ec5000164c35a,Prev,1,17
5c5aecc774a76f0001a25ced,Prev,2.1875,16
5c5deed04ee81200018ebb4a,Prev,2.3125,16
5c5fc78e96dff400013607a5,Prev,1.25,8
5c6319a0b73d590001ae789d,Prev,3.235294118,17
5c6a36214fbf270001311702,Prev,2.470588235,17
5c6a3c721519ac0001668582,Prev,4.2,6
5c6aecbad0fb370001731cac,Prev,1.888888889,9
5c6b2f0d5b27b00001a3561f,Prev,3.615384615,13
5c6d590ca190e0000103ec5f,Prev,3.8,10
5c70852d7826350001565ce4,Prev,1,11
5c71b63c4aa8ec0001f2bfc4,Prev,2.833333333,12
5c720c7278263500015665f9,Prev,1.875,16
5c742339e621f900163f4543,Prev,1.5,16
5c7a94dc8fbcb100146b6dc7,Prev,2,11
5c7cf8b58ca9000001b52f6e,Prev,3.2,15
5c7dcd11f066ff001568e56a,Prev,2.375,8
5c801cd6aaf2af0016478e6f,Prev,2.785714286,14
5c804f4092ad770015846011,Prev,3.6,15
5c82656bed1753001581fd1e,Prev,2.117647059,17
5c82a8cdfff8430015e9942f,Prev,1.428571429,7
5c82d0ac51b0e00015cbd2fc,Prev,2.266666667,15
5c83f1ed20b39a001440b6b1,Prev,1.882352941,17
5c8676deddda2d00012ad386,Prev,1.714285714,14
5c871f91e769f8000178afc8,Prev,2,5
5c8e1af5c6e10f00010d6212,Prev,4.333333333,12
5c90094e71f3100016181ea9,Prev,3.181818182,11
5c925b0fb138fe0014e4036b,Prev,1,13
5c92870723bd7e001870138e,Prev,1.888888889,9
5c92cda483617d0010bef1b8,Prev,3,16
5c935d881754ba001b25697a,Prev,2.555555556,9
5c9527e29e4f7400011e1571,Prev,2.555555556,10
5c971acab18d000001e1afd7,Prev,2.176470588,17
5c9a7872e2a8d00001585513,Prev,2.133333333,15
5c9ebf067114700016da2813,Prev,1.428571429,7
5ca272f5caf59c0001a942cb,Prev,2.5625,16
5cb52a1e33f33d0001249130,Prev,1.4375,16
5cb9bc10e50fe5001746c43b,Prev,2.75,16
5cb9ca6814b3cb0017e4f7dd,Prev,3.411764706,17
5cd062370081a60017789079,Prev,2,13
5cd321750316ed0017c81bcd,Prev,4.25,12
5cdcd4ca9f75db0001411660,Prev,2.083333333,12
5cec2163d439ae0016596611,Prev,1.777777778,9
5ceff2032de4e90015c822c4,Prev,2.176470588,17
5cf21b7b2456d90001ee8e40,Prev,3.5,6
5cf5134c8f8ff80019e76721,Prev,1.588235294,17
5cf7bfff528ef50001e96f69,Prev,2.4,15
5cfbdcec8483c6001930c1b1,Prev,1.058823529,17
5cfc3d486e9951001a0cb8cd,Prev,1.285714286,14
5cfdd7d53ca1bb00011030d4,Prev,2.647058824,17
5cfea2427b91e70001423ffb,Prev,2.1,13
5d003450f641130018828b8e,Prev,4.764705882,17
5d045502bdeaa5000165e935,Prev,2.5625,16
5d0d16d991270800010b7dd7,Prev,1.411764706,17
5d0e9d1bf403080016411381,Prev,1.666666667,7
5d14cea059c33d0001f19bb3,Prev,1.875,16
5d1618630b1f87001715eca7,Prev,3.222222222,11
5d1beb9c9e033e0017a725dc,Prev,2,13
5d1d3f10d5669200017b4e46,Prev,3.181818182,12
5d204134abea8100173fa8a4,Prev,1.529411765,17
5d254db8bb2e30001933fe36,Prev,2.176470588,17
5d256c9b3eee7d001541a073,Prev,2.272727273,11
5d264dc7e4a0cb001a3efea6,Prev,3.529411765,17
5d2e56ae72b6780001c66698,Prev,3.625,8
5d305152b2cfe00019231a2a,Prev,2.666666667,12
5d30a193b2cfe00017231a93,Prev,2,9
5d329756062745001921494a,Prev,3.5,6
5d338bb02381b7001761694e,Prev,2.294117647,17
5d344bd3b0f315001a122275,Prev,1.666666667,15
5d378df21acda30001e7191e,Prev,2.777777778,9
5d453e8723a5bb0001492546,Prev,1.785714286,14
5d45c2d1da9cb60015aa4312,Prev,2.2,15
5d461284d9b0690001720f6d,Prev,1.333333333,10
5d4702f04f947a0001181420,Prev,2.3125,16
5d478068ff3efc001a89d7de,Prev,3.1875,16
5d47abcc2dc88900166f27c9,Prev,2.8,15
5d4a41890e604c00011ade8b,Prev,1.6,15
5d4b265b72db9d0015e8aac6,Prev,2,4
5d4c7ac3e8ec490018b0050d,Prev,4.6,5
5d4e24cdcc0b630001a2698d,Prev,2.785714286,14
5d5067b25371ae00191f69c4,Prev,3.333333333,9
5d54b73f1c1de70015d50959,Prev,2.833333333,8
5d558ebe886e3f0020e90fce,Prev,2.076923077,13
5d55d562e04e1c0001f5e682,Prev,1.666666667,12
5d5c265773125e001af7f4cf,Prev,2.1875,16
5d5eeb06d8bcde00162d73f1,Prev,3.636363636,12
5d5f07cdca10e90016bc0103,Prev,1.5625,16
5d5f31230fc94a001c632b69,Prev,1.857142857,14
5d5fa32a0fc94a0001632ac7,Prev,3,1
5d612ae16512d700159face7,Prev,1.357142857,14
5d6141608a11df001a477fbe,Prev,1.117647059,17
5d62935aacd67c0015b06e8d,Prev,2,7
5d63179aa3b94d0001da4bb6,Prev,1.666666667,15
5d6394518df2870001a74b42,Prev,2,6
5d66ea7549716000187f26af,Prev,1.545454545,11
5d6d6412f570e000184cf48b,Prev,1.5,14
5d6edb6ada16690017c9b828,Prev,2.75,8
5d6ef023cfe0a400198f911e,Prev,2.214285714,14
5d73b97a40e4bc00019e1db8,Prev,2,5
5d74001d391b6600175f433b,Prev,2,13
5d76a776f6630c0018431c01,Prev,2.769230769,13
5d78647e4dadc9001a3e34dd,Prev,4,10
5d7af4ee784e52001b9b02da,Prev,3.642857143,15
5d82be0cf45ead000150f026,Prev,1.4375,16
5d82d28977546f00166ae702,Prev,1.294117647,17
5d83d2f1ae7a8b00017ec6a9,Prev,2.529411765,17
5d847ac9be4b0b00188463d7,Prev,1.2,10
5d849ee0a954540019f513dd,Prev,2.142857143,8
5d88db42c1d06e001a1fdcab,Prev,2.384615385,13
5d8927d21571f4001c8ce125,Prev,2.7,10
5d8c46cc53b833001a4bf916,Prev,1.294117647,17
5d8d12f6d88e3a00142c9751,Prev,4,13
5d8fea94efcbb5001756364b,Prev,2.357142857,14
5d9373b0e04970001ab482da,Prev,2.4,7
5d93c9c410165c0015326102,Prev,2.4,10
5d94794a521f890016f93604,Prev,3.571428571,14
5d9a09095223b6001809f1c9,Prev,1.818181818,11
5d9f8573ce3daf0015e3e400,Prev,1.352941176,17
5daa18ed95be5f00133609e8,Prev,1.5,8
5daa6f580d55870011370fd3,Prev,1.2,10
5daab7a060ac5d0014235b89,Prev,4.181818182,11
5dacf17a6f11e500163e3bc4,Prev,2,16
5dae25fc2e361800135fbd02,Prev,3.882352941,17
5db0a97f127d4000117cdfa0,Prev,3.125,11
5db222231ff7b4000ab2cfc1,Prev,1.6875,16
5db3029ffa4efa000a145bde,Prev,1.8125,16
5db3b031efa9f6000cf02400,Prev,1.333333333,6
5db6ff8c7f9e6b000dd24a19,Prev,1,17
5dba287f9653e80734e335d7,Prev,2,5
5dbaded2af6b8e0e8c3632ed,Prev,1.294117647,17
5dc091fa9be08f03fb01a816,Prev,1.583333333,14
5dc1c27fb3e5c212018d9e33,Prev,1.857142857,8
5dc1cd625fd2031344dfe43d,Prev,2.533333333,15
5dc1eb838a84461511b3cd73,Prev,2.916666667,12
5dc4175e3317732e53467e8b,Prev,1,17
5dc47ddd034b45342d3b2e3a,Prev,1,1
5dc59aea37023940a0860dea,Prev,1.529411765,17
5dc8d8b90a0b38630af7a0ba,Prev,2.625,8
5dcaf5db575da17c63ebb51b,Prev,1.352941176,17
5dcca657854936945d68eaa9,Prev,2.777777778,12
5dce29700ad506063969a4a5,Prev,1.133333333,15
5dcefcd0307b8d05031d7264,Prev,1.058823529,17
5dcf0e94fce60605794da411,Prev,2,11
5dcf402982569a08ddd84086,Prev,1.411764706,17
5dcf7b49523df00ae9c4e07e,Prev,2.727272727,11
5dd0c43acaee3e187643d32b,Prev,3.625,16
5dd106ec7beb291ab1c63d0f,Prev,1,17
5dd1964987c1fd2082c4d88e,Prev,1.176470588,17
5dd1ab5dd3ac2a21600f87b8,Prev,2.0625,16
5dd2c9f2c925a82e5167ef8b,Prev,1,17
5dd3e852b988873c617cd21a,Prev,2.941176471,17
5dd3e9d93228863b9c89ad1a,Prev,1.6,15
5dd5db1ded7ea4574c7bc996,Prev,1.777777778,12
5ddaa1e583e309a04100bd57,Prev,1.235294118,17
5ddae85b393bd3a44d7cbaaa,Prev,2.125,16
5ddc516e82a527bc2397e6e1,Prev,1.294117647,17
5dde8fba82f458000c8c7c75,Prev,2.615384615,13
5de01c13c3a15e0a03332169,Prev,1.125,16
5de1986c040f531f97eb6092,Prev,1.647058824,17
5de481c2a49875052fcf6dee,Prev,2.125,9
5de7f5d27c17f804d007da90,Prev,3,17
5de82c263aa2777a36b996b2,Prev,1.176470588,17
5de9ca36a484410fdd8a928b,Prev,1.875,16
5de9ef512dc5c612021d3038,Prev,3,10
5dea76e109c1071948aed0ff,Prev,2.375,16
5dea8a8fcd6328000aeb1cf4,Prev,2.058823529,17
5deb3c192235ad24f4a21826,Prev,1.529411765,17
5debccb0389fde2b5e13fcea,Prev,3.428571429,14
5dec1c522911273179e44dbe,Prev,2.166666667,7
5decaac46e09cf3792805023,Prev,1.882352941,17
5dee72917309b950e5262f3a,Prev,3.214285714,14
5df162b6c76aa6080c4c7694,Prev,2.6,5
5df58b28ecb3ea3ed1ceea37,Prev,3.25,6
5df97abeabec5d6fcbbc764d,Prev,1.8,15
5dfb693a73d72487b1fe495b,Prev,2.222222222,9
5dfc64647adf4b971f329cbf,Prev,3.625,16
5dfcfabe2b12bd9d55590694,Prev,2.714285714,14
5e025e51a2c696de398fa46b,Prev,2.466666667,15
5e04446a783225ee6e9ed929,Prev,1.9375,16
5e065bba5a342503b3f3e0bc,Prev,3.666666667,6
5e0d416d13ec504cb9c43cbf,Prev,3.214285714,15
5e0e32ee1d4607573dc85b1f,Prev,1.705882353,17
5e0e66730db8925a55fffbd5,Prev,2.444444444,9
5e121701dc79bd8a1a22ca99,Prev,1.6,11
5e121b2b82a955890a9b3484,Prev,3.1,10
5e1276f7e69d0a912635da16,Prev,2,13
5e13d5a0398bb6a1517fab4c,Prev,3.923076923,14
5e1414d158a5c7a5a1d99be3,Prev,2.307692308,14
5e15e63a4f40fbbd907aff1e,Prev,1,9
5e175705cfe8dc000b559793,Prev,2.933333333,15
5e1797da928b15062260e30e,Prev,2.5,10
5e1882adfd7db4158998b5f0,Prev,1.769230769,14
5e19c8d1477f3b24e0ac5efa,Prev,3.692307692,13
5e1a288a1859772a7ff2700a,Prev,3.176470588,17
5e1b9d3d08b5ba3c86879d5b,Prev,3,16
5e1c138a2bf9514062e4de6b,Prev,1.647058824,17
5e1f938b06121f2be0d1ead4,Prev,1.571428571,7
5e2039ccf0b71e34ef9c60a2,Prev,2.058823529,17
5e2093a7e10aa2000c631268,Prev,1.909090909,11
5e23646fd3ba5760bca7801c,Prev,3.882352941,17
5e2784b2cf46ff9ab1191cc9,Prev,3.625,8
5e27868c5cbbcc0b3599574b,Prev,1,14
5e2861fb5c6297029148b635,Prev,3.142857143,7
5e28e8730fd86a0a19e084cd,Prev,1.866666667,15
5e29ada5d441690127fb5748,Prev,3.411764706,17
5e2a425609072a0abb76094b,Prev,2.5625,16
5e2ac2aa0038f21089a533a4,Prev,4,14
5e2b0d34a8dc8c000cc53114,Prev,2.133333333,15
5e2e9c7388448746ab366b7f,Prev,2.833333333,8
5e311dd7a390be11ebfc23c3,Prev,1.909090909,11
5e35d4a59d323458753819d2,Prev,2.5,7
5e37b3d7abde98738c0f1e7c,Prev,3.375,16
5e3889c805856605d1838c21,Prev,3,14
5e38e79295ff561112eae457,Prev,1.307692308,13
5e39d872793a082024d9cf18,Prev,1.75,16
5e3a7e26ca5cf328020dc4b6,Prev,1.6875,16
5e3adfc595ff562fbdd130fa,Prev,3.153846154,13
5e3b9b820014e23ad71813c8,Prev,4.272727273,11
5e3cba059e9d0b0b3663c90c,Prev,1.785714286,14
5e3d679eaa341501c1a5a90b,Prev,1.909090909,11
5e3d91a08dfa83000c9f4d36,Prev,1.3125,16
5e3dff6b8714b707b9a258b0,Prev,1.5,12
5e40774a2ee93c2ae0ecad03,Prev,2.636363636,12
5e416e22fb96eb000b3fe2a8,Prev,1.866666667,16
5e41d817cfafb807ef94486a,Prev,2.6875,16
5e44399336d11f01939401eb,Prev,2.294117647,17
5e46f51bc3298c1bf813a984,Prev,3.705882353,17
5e4a1730c94447480594cea4,Prev,3.428571429,14
5e4a59b502b78f4a232c0cff,Prev,4.636363636,11
5e4af9e73485dd000c99724e,Prev,1.933333333,15
5e4dd61e228f8723566e06d4,Prev,1.8,6
5e500182080ac1000b1c7315,Prev,3.2,15
5e51dfe3618c57215938d7b7,Prev,2.2,10
5e52d0122f5f952f2a7b6b28,Prev,2.583333333,12
5e531b2205acdb33c0f5f24c,Prev,2.764705882,17
5e552a5e45774651f60e62b3,Prev,1.2,10
5e5ab88a43f33029b119a48c,Prev,1.823529412,17
5e5b0bcc7a584430eb8bea65,Prev,3.916666667,13
5e5d641259df370779040d9e,Prev,1.6875,16
5e6027f12036113753519c82,Prev,1.625,16
5e602d66bc402a381b35f74a,Prev,2.5,8
5e606b1eaf84e83c728748d7,Prev,1.352941176,17
5e614c386ee9b3017b83e4bc,Prev,2,9
5e63e24eaf3bd51660031dbe,Prev,2.066666667,15
5e649034feba20212bb729db,Prev,2.9,10
5e65c211b45c6432d8227e4c,Prev,2.428571429,8
5e667f3bc3f30a4050fc8f2f,Prev,1.6875,16
5e6690ca0ef3a301da87b4d9,Prev,1.777777778,10
5e683c4d6ca0f9000d3f35fe,Prev,1.666666667,12
5e6869e6fe7f431210ced3f1,Prev,2.6,5
5e6989bc651f7d241449fccf,Prev,2,17
5e69987e0873d600084bc920,Prev,2.7,11
5e6d3b17a2b73d2f7aef3d04,Prev,1.818181818,12
5e6da92a65f32b372cf0fbdc,Prev,1.428571429,14
5e6ef5fbf14d264ae2ef3867,Prev,1.888888889,10
5e6fd38fe95be7071b5196bf,Prev,3.1875,16
5e700bdb6319c15ed8726932,Prev,4,16
5e770f11a9d3b527c662aa23,Prev,2,17
5e78bf026d9a62443b9d5b74,Prev,3,8
5e795b321feceb5164cd115d,Prev,2,13
5e7c987c0d34ae2d8f9c7d8e,Prev,2.875,8
5e7d031be805560ae6b93dba,Prev,2.875,9
5e7daa886c123242e86c8138,Prev,2.454545455,11
5e7f64a99b18e463f74b0c91,Prev,3.846153846,13
5e80d8569d1bdf03449b0c2e,Prev,2.8,10
5e815773285d3883ba2fbbcf,Prev,2,8
5e820eb36551aa02fd72e1dc,Prev,1.363636364,12
5e82cbf3469f74a0b6d0fd29,Prev,2.733333333,15
5e83d36b6d7daf107aea7a7c,Prev,3.25,12
5e8421d0df483e18852ff25e,Prev,2,9
5e84253b26729e1847f16611,Prev,2.4,10
5e84b8443f064006f1b5215c,Prev,4.4,10
5e84cf62eabe5c081ea860c5,Prev,1.666666667,6
5e8537fe23609011fe987ca7,Prev,1.5,3
5e876872ca754f08ceb52e9e,Prev,3.769230769,14
5e87e49bb69f7b469f03cc68,Prev,2.6875,16
5e89fdffad009e010e958ee7,Prev,2.733333333,15
5e8b835818346405e2571585,Prev,2.176470588,17
5e8be450affef10d24343a7f,Prev,2.529411765,17
5e8d44819163b611f62d706c,Prev,2.545454545,11
5e8fa34befd9542a66b02feb,Prev,2.444444444,9
5e911cfaefd95445d5a6c890,Prev,1.75,16
5e9128974d246b4532f248ff,Prev,3,17
5e921c1b451807056a5e85bb,Prev,2.5,14
5e935ec0ba38620009a3b0d8,Prev,3.176470588,17
5e9420fb792513752fd18744,Prev,3.4,11
5e9732d6bafec41daaf8fc30,Prev,1.285714286,8
5e975c32ca82b62079dc8f7c,Prev,3.818181818,12
5e975ea254955d0bfe9f7929,Prev,2.117647059,17
5e9a567a22a6fa0ee4cf44f1,Prev,2.076923077,13
5e9a600390f4ad0f0f200993,Prev,1.625,9
5e9aa65a9d211b140b6919f7,Prev,4.6,15
5e9b061b5eb4e3000a5ebc0b,Prev,2.5,7
5e9b8957035d900898422c3c,Prev,3.111111111,10
5e9ca054511e7a1c5c5640e5,Prev,3.235294118,17
5e9f55237c0db50bb0a02621,Prev,2.666666667,9
5e9fc65dee2ccf178f0e413f,Prev,1.647058824,17
5ea08654ea87f206588b6b50,Prev,1.4375,16
5ea3b1b9fc11ed33dde53561,Prev,1.823529412,17
5ea492e3b1b3620a6fee3b90,Prev,2.545454545,11
5ea523b2a7782138712c7e1b,Prev,3.071428571,14
5ea5d2b8d2bc3308f7af06d5,Prev,2.875,16
5ea5dd6605b5170963934a65,Prev,1.941176471,17
5ea70b0537c5170b90ece8ac,Prev,1.823529412,17
5ea7434507a21c11406c58d6,Prev,2.571428571,9
5ea77b0161f86b151f475c8f,Prev,1.352941176,17
5ea8fe56a6d1a135a5a442cd,Prev,2.571428571,15
5ea9024a58a5ae36f0416ed6,Prev,2.066666667,15
5ea90a840928983752c88275,Prev,3,12
5ea963dc8304320363c8398c,Prev,4.666666667,12
5ea9704edf73440535b5e34d,Prev,1,3
5ea997837d28170bc5125c56,Prev,2.636363636,11
5ea9cc7058ebeb11a12e659c,Prev,1.333333333,12
5eaa605c7c3cbc1f14421a94,Prev,4.083333333,12
5eaa6339b2e5311e8e020396,Prev,2.9375,16
5eaad5dcc2e64603e5122442,Prev,3.133333333,15
5eab89102e910016bb0b5414,Prev,3.307692308,13
5eac2cc56665cc23af76e945,Prev,3.230769231,13
5eac6f1aa8b3bb0dcfebeba9,Prev,3.461538462,13
5eadc21b6d4da6467f9d0a6b,Prev,2.133333333,15
5eaf02446c144d5e3a4d4562,Prev,2.833333333,12
5eaf33928c0ee3626f0036e5,Prev,2.4,5
5eb02a40b17a8c0868685d32,Prev,3,16
5eb030b6e679c6080c9b2350,Prev,1.117647059,17
5eb0deb2bd00da19c156f390,Prev,2.333333333,13
5eb1bc2b9d57e52f90d13214,Prev,1.733333333,15
5eb24b26f30ede1a6ae46c14,Prev,1.5,4
5eb2d579ed24d507082b07a2,Prev,1.705882353,17
5eb2f1a1ce5ba10ab2c0a042,Prev,2.1875,16
5eb33612d573b51326905f30,Prev,1.5,12
5eb52896e034073a7b8aa981,Prev,1.6,15
5eb635754bbde6534e62c05e,Prev,2.333333333,12
5eb960c022781303ab1ca871,Prev,3.588235294,17
5eba34aa6f816b16d72f49e1,Prev,2.714285714,14
5ebc75d16a8f8f0c09ba480b,Prev,2.857142857,10
5ebe057674d69c15b1642055,Prev,1.545454545,13
5ec12ad1759b78000a4f9965,Prev,2.529411765,17
5ec19dd52abb6a5ce5b9fe05,Prev,2.176470588,17
5ec2f967fa87231315e8b60c,Prev,3,16
5ec2feeb47c4471339d3b2ce,Prev,1.411764706,17
5ec453f93ba6b432bdf01d58,Prev,2.857142857,14
5ec46d59c1c5e016fafe11d6,Prev,3.25,16
5ec5880e02a64c5b4102561f,Prev,1.352941176,17
5ec5a64c306f255ec98d5cc1,Prev,1.555555556,9
5ec5ba3e981556631c1a78ba,Prev,1.583333333,12
5ec6c96f5b660e0f25ea094c,Prev,2.2,6
5ec75df0d799ae1c11a8115c,Prev,2,10
5ec771e68288e91bf1919096,Prev,4.375,10
5ec7ec01fc75cf27b5dd16ee,Prev,2.470588235,17
5ec81134ac7d6b2b9ac51453,Prev,2.230769231,13
5eca36ad460a2b19ab37697b,Prev,1.647058824,17
5eca8de81197051fa92b5a6a,Prev,1.2,6
5ecaa9b289161d043d541b6c,Prev,3.214285714,14
5ecacb83b7f79d242d455216,Prev,2.75,12
5ecc6fb87c7c7646490f3cf8,Prev,2.5,12
5ecd649985aa0b0c194928bb,Prev,2.7,10
5ecffcc0d483170a794928e9,Prev,2.529411765,17
5ed0091bd374190b9b04045d,Prev,2.176470588,17
5ed062703c9248144a334cb4,Prev,2.75,9
5ed081544e61f3163c036286,Prev,2,12
5ed17af75957f60d040e3f34,Prev,3.846153846,13
5ed1c05a74af59110a5aa82f,Prev,3.6,10
5ed2109da3c8c204b76f6cd5,Prev,1,17
5ed53833cb34a1098e5e2bce,Prev,2.818181818,11
5ed57ec8141d24118731f1bc,Prev,2.666666667,9
5ed8c264d134c803a2670e4c,Prev,1.133333333,15
5eda5c5faf7c7f08a2f68cb7,Prev,4,12
5edad5d3b940fe72e6c321ac,Prev,1.176470588,17
5edaf0abba14031b7899eb3f,Prev,1.588235294,17
5edbf245e31b590a6e572482,Prev,2.5,16
5edc195a95d5090e1c3f91b2,Prev,1.352941176,17
5edc3b7a96a72790ae256a1d,Prev,4.142857143,14
5edd13e3858a15a07241964b,Prev,1.285714286,14
5eddaaaeb2a4d6ab5be32a02,Prev,2.909090909,11
5ede432f75bfd1073c1501d8,Prev,2.090909091,12
5ede8a971588b310e81f852f,Prev,2.666666667,15
5edeb3b209233c154f4d552a,Prev,1.823529412,17
5edfb0770fb0722aa3839b6d,Prev,2.125,8
5ee09c1a0c2ad1027f541f53,Prev,2.4,10
5ee0f5feec87fc0bc5eabdd7,Prev,2.125,16
5ee100c8ac33db0e30697284,Prev,2.25,5
5ee1327109ae2e4f8e01bd60,Prev,2.454545455,11
5ee150a384b8a1164fef6273,Prev,2.307692308,14
5ee232f2b970662cfa352567,Prev,2.266666667,15
5ee2b44f470fa7446a470c8d,Prev,2.0625,16
5ee2c239f4ec4b804a79cf80,Prev,3.058823529,17
5ee3a34e16ad19048aef74f6,Prev,1.8,10
5ee3c01c7247c006e9a3f4fd,Prev,1.4375,16
5ee644b8a00c6d0621d20793,Prev,3.5,10
5ee64e85c682de3a880579c6,Prev,1.666666667,9
5ee6706034f12e3d82d952aa,Prev,2.636363636,11
5ee8fdbb6b0e1325a483f9fa,Prev,2.705882353,17
5ee9b0eb623285360eda1910,Prev,3.733333333,15
5eea5252da0cfc115e24e69b,Prev,3.090909091,11
5eea591930ca5f0ddaa75a7f,Prev,3,14
5eeab761609f0d1df85d61bf,Prev,3.153846154,13
5eee3a583a975d29fd3e6f38,Prev,3.230769231,13
5eefa601e2550709b46a3dff,Prev,2.727272727,13
5ef05a7425018a31e8bb3c68,Prev,2.4,15
5ef165863c30cb15b9c83613,Prev,2.5,11
5ef1980b60a4447bc1a5408c,Prev,2.571428571,14
5ef428a45311db1c83d82b34,Prev,3.416666667,12
5efba90ef81cbe13a3d7df40,Prev,2.411764706,17
5f034b403ad29e529145f174,Prev,3.230769231,13
5f0963c6310eaf000b922e94,Prev,1.875,16
5f0dec5bb2612205fe864ab6,Prev,2.9375,16
5f109c350780b10d05983394,Prev,2.909090909,12
5f16f559325a640008bb9a07,Prev,2.176470588,17
5f1703a31ea06d025b729ad9,Prev,3.8,15
5f1a30f8e8cd9a11b2832182,Prev,2.416666667,12
5f2502c10858c4143fafa023,Prev,3.692307692,13
5f26a21c70a6d23f6032b1ea,Prev,3.214285714,14
5f2853a8e736e613955f73bf,Prev,2.6,15
5f29aacd4eeb0b10914d3dc5,Prev,2.266666667,15
5f2a12f5837dd81e5881b7cc,Prev,1.5,8
5f2a13417b4ac51dc95d38c1,Prev,1.411764706,17
5f3557097104764efaee9bbe,Prev,2.411764706,17
5f3ac1732efa0a74f975b1a8,Prev,1.857142857,14
5f3b4854ac7ac783ce22070e,Prev,2,17
5f3ed5c238cf461818f961b0,Prev,1.5,12
5f469dcf5fcb5d0355771013,Prev,5,4
5f4813c94e8b081877fb26a6,Prev,2.571428571,14
5f482b0da1cde52de45f174c,Prev,2.8,10
5f48348c7dfbf12d50c6a7ec,Prev,4.166666667,8
5f49f3262a3d07563d14a7f1,Prev,3.545454545,11
5f4a7a00dc1bde60ab8f7ac5,Prev,2.25,12
5f4c4b277200c9868db9d43f,Prev,1.375,16
5f4c4dd50a92c286c1972f06,Prev,2.411764706,17
5f4c5105ad5ee685d48bcca2,Prev,1.333333333,12
5f4d1371c20934977e621ac3,Prev,3,9
5f4ee7ff2c5da213f015a27e,Prev,3.714285714,7
5f500418133110165a1539a9,Prev,1.285714286,8
5f50468c0868af1baaec306c,Prev,2.428571429,14
5f50732850c7c600098593df,Prev,2,9
5f52e45ad408d55fa156aa21,Prev,1.588235294,17
5f5834134283933a1c3b42d0,Prev,3.6875,16
5f59dc445d3541000c150f40,Prev,2.285714286,14
5f5d48f1c6768e5bcae08170,Prev,3.545454545,12
5f5d967f60d7fa5fdca4cc4f,Prev,3.461538462,14
5f5f039252a9217cad40cc18,Prev,2.142857143,9
5f5feca329bdfb0cfc2a8928,Prev,2.882352941,17
5f6c102b6ec04317fc9a8127,Prev,1.875,8
5f6e36c7f042f033d0f97bc1,Prev,1.133333333,15
5f723cf881f5c0159cfa6da1,Prev,3,8
5f7392562b5e060e795d20db,Prev,2.0625,16
5f773334d74b082186824cac,Prev,3.647058824,17
5f7d3ace29e51d20f794994a,Prev,3.428571429,14
5f94a8e7fa8c422fc88940b0,Prev,1.3125,16
5f9803e732d857040c277dd9,Prev,4.2,12
5f9c3ecd9a95b50a57842e5c,Prev,2.642857143,15
5fa322092858085f30d5b011,Prev,1.176470588,17
A10MSB9X1UFLJ5,Prev,1.4,10
A11TPUPFP2S4MK,Prev,1.470588235,17
A12FTSX85NQ8N9,Prev,1,15
A13FUEPWBCLBUY,Prev,1.352941176,17
A15VCKELIEEPJN,Prev,2.823529412,17
A16G6PPH1INQL8,Prev,2.083333333,12
A18VIO909RWY6D,Prev,2.071428571,14
A1BNYBF79IQ89T,Prev,1.4375,16
A1DMXEJGJY02E1,Prev,1.625,8
A1DZMZTXWOM9MR,Prev,1,14
A1EUBMQ86K32XE,Prev,2.8,15
A1F9KLZGHE9DTA,Prev,2.583333333,12
A1JJYY622DGE5L,Prev,3.928571429,14
A1L3937MY09J3I,Prev,1.8,10
A1NZFJHVJ9CNTO,Prev,3.625,16
A1P2RQ166VS5BT,Prev,1.533333333,15
A1RV2LERVS0A4H,Prev,1,3
A1TLNLB9D87H6,Prev,1.454545455,11
A1V1JNPU0KOA3X,Prev,2.5,7
A1VR1XQEQQXYUE,Prev,1.529411765,17
A1ZT30BGR3266K,Prev,2.7,10
A2196WCNDZULFS,Prev,1.666666667,3
A222R4PNCF08OF,Prev,1.6875,16
A22ABLVEI5EGPL,Prev,1.666666667,6
A2615YW1YERQBO,Prev,1.583333333,12
A2DWPP1KKAY0HG,Prev,2.375,16
A2FGKKWP33DFWS,Prev,2.058823529,17
A2FL477TMKC91L,Prev,1.777777778,9
A2MHY064OSYIBI,Prev,2,17
A2MUCL20GTQJA0,Prev,1.285714286,7
A2NO3OTBZYY43Z,Prev,1.294117647,17
A2OO4PG3LBLP5I,Prev,2.636363636,11
A2OVX9UW5WANQE,Prev,3.071428571,14
A2S64AUN7JI7ZS,Prev,2.583333333,12
A2TLN8489YGY81,Prev,2,15
A2V27A9GZA1NR2,Prev,1.866666667,15
A2VLTSW6CXIUMR,Prev,3.111111111,11
A2XQ3CFB5HT2ZQ,Prev,2.153846154,13
A2Y0WNHMT4PZ4C,Prev,1.076923077,13
A2YGOORS5N9RW8,Prev,1.5,6
A30RAYNDOWQ61S,Prev,1.4,15
A30UE6DWFNUCWX,Prev,1.2,16
A3180VXVP8MOIH,Prev,1.7,10
A3388HIWAKD3DV,Prev,1,17
A34SIGOLUGKIHJ,Prev,2.5,16
A37JSOJH9695SM,Prev,2.9375,16
A37OUZOGQKGMW0,Prev,1.75,9
A38I0E8UK53ME5,Prev,1.666666667,9
A3D2U4QF7821ZW,Prev,2.9,10
A3F51C49T9A34D,Prev,1,13
A3FAF93BMDJLAL,Prev,1.176470588,17
A3FGT6EU39C6S4,Prev,1.4,15
A3I40B0FATY8VH,Prev,4,8
A3KF6O09H04SP7,Prev,1.923076923,13
A3O0QZQ4V2IXT7,Prev,1,13
A3O0ZQMDKOKAMR,Prev,2.875,16
A3P5WIW36V70AI,Prev,1.176470588,17
A3QEVFM3UD67BA,Prev,1.8125,16
A3R5OJR60C6004,Prev,1.4,15
A3UPZ88FI1EJC,Prev,2.3,10
A3URLNXHLP4ARU,Prev,2.411764706,17
A5BMKZRGHNSRT,Prev,1.25,8
A98E8M4QLI9RS,Prev,2.6,12
AA4O2W236E3FW,Prev,1.933333333,15
ADZHJZ078THWQ,Prev,1.647058824,17
AEWGY34WUIA32,Prev,1.428571429,7
AGWWUXDX6CI38,Prev,2.941176471,17
AIEKCWYZTS41V,Prev,1,15
AIHHRINW9IN1I,Prev,1.571428571,14
AMELYCC59JKB0,Prev,1.133333333,15
AMV1E7FFPVAW4,Prev,1.666666667,12
APGX2WZ59OWDN,Prev,2.75,9
AW5O1RK3W60FC,Prev,1.222222222,9
AXMPSUNKUBEIL,Prev,1.428571429,14
AZNIEFUIVB2H0,Prev,1.133333333,15