Subject,num_weights,Covid_Exp2,Covid_Exp1,BCovid_Rem
546f8a9cfdf99b4a593414ea,16,0.04718664,0.015958133,0.030056406
5484fd09fdf99b38dfb9645c,15,0.083619899,0.116930307,0.203531678
5490c822fdf99b71ba910e1a,6,0.300137552,0.100275103,0.176913779
54af2a48fdf99b09c01b3801,16,0.203329178,0.250171939,0.27971394
550bb70bfdf99b6853dab45e,14,0.107413048,0.143102771,0.183767123
557d84c8fdf99b4d577438df,17,0.117910025,0.294259244,0.088799355
5588d358fdf99b304ee5674f,12,0.425051582,0.425051582,0.583219178
558acd52fdf99b65685f03d9,2,0.000343879,0.000343879,0.250342466
5591cd21fdf99b63126f6c60,12,0.091190446,0.363730149,0.059427881
559d9916fdf99b1e2b2dc6b8,8,0.000343879,0.071723325,0.000684932
559ef308fdf99b2616ff2a4f,9,0.222413266,0.305689286,0.132856567
559fa17cfdf99b69c369d364,16,0.062800894,0.187714924,0.147542305
55b237e6fdf99b19ea79d2f7,15,0.166895919,0.450034388,0.250342466
55b9a9b0fdf99b6906d2aba4,10,0.000343879,0.055861226,0.000684932
55be9292fdf99b4c861994d8,8,0.535689723,0.321551385,0.312756849
55cd909c34e906000a8d1e1e,6,0.33344796,0.208533929,0.286007828
55ddb84550a1f7000b90d65a,16,0.234557686,0.062800894,0.309085415
55ef4896b9401300137f40ac,17,0.16199733,0.441216927,0.441257051
55f63fc432af740012171ef6,17,0.117910025,0.147301562,0.250342466
56259489ed6e5a0005c80fde,7,0.250171939,0.041981889,0.125513699
5687d85e369319000c269c55,16,0.000343879,0.172100671,0.187928082
56d0f57421cd29000a9737e4,15,0.089568186,0.178792494,0.11817083
56e130548b1c33000a388671,11,0.400068776,0.400068776,0.383493151
56e1bbcb6ce054000b3ffcb8,16,0.172100671,0.406314477,0.656035959
56e6a66af6ed900006a5867c,15,0.649896836,0.549965612,0.515603596
56ec151f388e1d000a5924d0,10,0.361206633,0.472241327,0.42510274
56f0393f3f71990005d0e66d,17,0.059126952,0.044431184,0.235656728
56f9364e895094000c8f4967,16,0.031572387,0.04718664,0.103485093
56fa002e8425ef000b3a4276,15,0.150240715,0.033654287,0.147542305
56fdff4ee0f9ff000f19c466,6,0.125257909,0.125257909,0.08390411
570521cfde5095001018a0c8,15,0.066964695,0.033654287,0.000684932
576017836442fa0006cfb7cd,6,0.000343879,0.000343879,0.033972603
5761c23632676f0007eb36b3,2,0.125257909,0.250171939,0.100547945
57656f6c2bfddf000125cce5,17,0.264867708,0.338346549,0.265028203
578673a9275be6000135880e,5,0.100275103,0.200206327,0.217054795
57a761c22fc0d400012c9656,16,0.187714924,0.687371045,0.397199839
57b60487e5b60d0001083aea,7,0.58327602,0.5,0.375171233
57b9bafdfc23450001acc1ac,14,0.154084224,0.403912284,0.187928082
57bb6878eb28030001f7ea94,13,0.833104081,0.749828061,0.803155577
57bca845e2101600015e8e88,13,0.021162884,0.021162884,0.078702911
57d6dd8d6598aa000199188b,12,0.704404777,0.477288358,0.711248683
57dd766bbcd7150001ded5de,15,0.266827144,0.266827144,0.23473887
57e7bb4e73e67300012b8e2a,13,0.173301767,0.154084224,0.250342466
5800e50de3536e00012840f4,11,0.000343879,0.045767163,0.000684932
58066bf52d948b00014ba876,11,0.568134926,0.431865074,0.483356164
5825ecee95f3030001cf889a,17,0.059126952,0.264867708,0.074113618
5831f08ebfb3b400015a6ad4,16,0.5,0.359471716,0.455942788
583b397f54686200010f1d20,7,0.54163801,0.083619899,0.343964041
583f12f545073d0001fac52d,6,0.45836199,0.58327602,0.705600322
58474a9c89af6500017f4cd6,17,0.294259244,0.308955013,0.33845689
58742bf5d53c97000159df8c,15,0.178792494,0.464310277,0.109910103
589a46af57995d0001a8a03a,16,0.156486417,0.125257909,0.558742949
58a43e029a17120001d910d5,8,0.218943432,0.437542985,0.431911582
58a63a64ea3d11000170e1cc,12,0.166895919,0.146076914,0.268175147
58ac890076c5b70001662993,16,0.04718664,0.000343879,0.031892123
58dc1373463f960001ba45b3,16,0.04718664,0.000343879,0.059427881
58e79ac632bebb0001b741ec,17,0.07382272,0.58817461,0.33845689
58ed2be2a083320001a13783,13,0.000343879,0.096431595,0.431911582
58effc65c31d4d00015aa5b9,16,0.031572387,0.125257909,0.27971394
58f10189738cac000116d3ab,17,0.279563476,0.573478841,0.426571313
59296fb2e8a7ff000163f033,17,0.191388866,0.250171939,0.191599517
592e85797b619d0001cb07e9,8,0.468771492,0.406314477,0.386519303
59347d4f53490b0001563e47,16,0.062800894,0.062800894,0.11817083
59417543c768a500011c9731,7,0.33344796,0.37508597,0.406378425
5953d01e4d560700016462da,4,0.000343879,0.000343879,0.000684932
595b93be7882150001240e21,13,0.038778965,0.288607026,0.167123288
59658491b9153e0001617465,11,0.250171939,0.363730149,0.273038605
597fe89a1b41a20001749f57,14,0.160947632,0.321551385,0.328360445
5987c9f26ab9880001b5b04d,10,0.218943432,0.218943432,0.458390411
5993020a5f49420001caf86b,15,0.183551123,0.33344796,0.468792808
59977c8ba7b2400001523396,14,0.428620554,0.464310277,0.235656728
599be3660ed7ae0001991db9,12,0.687371045,0.395904975,0.656035959
599eaf0fbfd73c00010ea24e,10,0.5,0.444482653,0.395976027
599ec7dc617ca80001fcd124,15,0.233516735,0.316792756,0.390774829
59a1de0cec2f75000124eeaf,16,0.000343879,0.094029402,0.015370669
59ad6f1e09709e00013c2ba5,15,0.232327078,0.285861662,0.297153253
59c0782e5364260001dc4740,13,0.000343879,0.077214051,0.000684932
59c6305e6a287600011c388d,17,0.5,0.470608463,0.632171636
59dc458f77860e000151240e,12,0.13661373,0.023055521,0.054182975
59e833e72f63d30001c8fb86,13,0.211736853,0.269389483,0.294399678
5a03d20a7ecfc50001be0a7a,13,0.115649138,0.327042112,0.214677104
5a04869ff2e3460001edad2e,6,0.200206327,0.250171939,0.416780822
5a0d9553fe645f0001e9f852,15,0.150240715,0.083619899,0.125513699
5a212dcc7b108200011e040c,13,0.173301767,0.327042112,0.699726027
5a21b2e1e473b80001baaa09,14,0.071723325,0.178792494,0.23369863
5a3bdd2c8d005a0001829f3e,6,0.000343879,0.000343879,0.000684932
5a49d6a06d85f80001c25bc4,2,0.250171939,0.250171939,0.333561644
5a4bf09053a4560001ba0ebf,8,0.285861662,0.392930831,0.400136986
5a5c23afe0cf3d0001268781,15,0.033654287,0.100275103,0.15672089
5a5d7a42acc75b00017a8193,8,0.571379446,0.5,0.480795574
5a6f1ccade1f390001dbd8b7,13,0.62491403,0.70819005,0.764343272
5a708ef2f1530b000103bfab,10,0.343857462,0.37508597,0.428669276
5a78e410ae9a0b0001a97274,6,0.5,0.5,0.472260274
5a7cb079aa46dd00016b5bfb,8,0.5,0.781056568,0.666438356
5a8891155292b800012316a8,7,0.58327602,0.29180995,0.250342466
5a91877e777df200015fa0f5,16,0.000343879,0.031572387,0.000684932
5a9262251eda410001360b2c,12,0.200206327,0.425051582,0.268175147
5a947fb0f05361000171b5a3,16,0.37508597,0.562457015,0.602800161
5aa55cf8dbdb470001ef4cc5,16,0.000343879,0.200206327,0.294399678
5aa637861eda41000136d5d2,7,0.428620554,0.428620554,0.327160169
5aa806e7777df200016088c5,10,0.524982806,0.400068776,0.749657534
5ab415206db3e700011bde54,11,0.250171939,0.475017194,0.397199839
5ab8026547a9f7000153a324,16,0.265786193,0.125257909,0.382514102
5ab84333f69e940001d8f0af,10,0.083619899,0.139137246,0.103485093
5ac6cc039534ba0001c75642,14,0.062800894,0.146076914,0.125513699
5ace650a436f550001004f87,17,0.176693098,0.323650781,0.33845689
5ad9cc7ddfcfcb0001e667f3,15,0.303706524,0.089568186,0.265946062
5aeda69f9457e00001054d76,14,0.519217543,0.672957888,0.67832681
5aeeb4903c80f200013af2ed,16,0.187714924,0.015958133,0.250342466
5b0fa626bd9c310001568d6c,8,0.437542985,0.406314477,0.5
5b15307351caaf0001228d9b,16,0.000343879,0.078415148,0.323771152
5b15de5cbd9c310001570400,16,0.343857462,0.328243208,0.823086221
5b16ceb0bdf4e10001630f58,16,0.328243208,0.203329178,0.426571313
5b197b8088ee7400012ae154,14,0.038778965,0.538435086,0.890089897
5b25c819a7cee100011d9091,16,0.297014701,0.297014701,0.176913779
5b26ed8a8ecf3f0001619040,16,0.156486417,0.390700224,0.220970991
5b32c0ff975e260001e97d0e,8,0.250171939,0.321551385,0.353142627
5b3e3a299a6a140001222ea1,16,0.531228508,0.515614254,0.690914585
5b457ba9eb64c200015bbab1,8,0.428620554,0.607069169,0.599863014
5b4d31673d01bd0001ec447e,11,0.599931224,0.724845254,0.549931507
5b4d39f2d4c93b00019c8217,12,0.37508597,0.41672398,0.367828364
5b5a822e1ad8270001c4f28d,9,0.194654593,0.222413266,0.312756849
5b5c8d4e10aec90001ed4bee,6,0.100275103,0.100275103,0.11817083
5b619b6c5256470001bcf992,8,0.125257909,0.156486417,0.103485093
5b707a406f0ed10001bfb973,14,0.115649138,0.019561422,0.017328767
5b76ce43bfc4cb0001f2c4c3,17,0.294259244,0.279563476,0.250342466
5b76d0f5fca8d9000139404c,2,0.000343879,0.000343879,0.250342466
5b7cbe9db630cf000125dffe,15,0.071723325,0.071723325,0.141117295
5b954f10754b700001f06bf0,10,0.275154746,0.425051582,0.250342466
5b97f70161c19e00018db4a8,14,0.160947632,0.321551385,0.266986301
5b97f8988ae8150001c7a887,11,0.522711642,0.363730149,0.596022129
5b9ec956c8a17f000171f7ad,16,0.031572387,0.062800894,0.132856567
5b9efb73d1ff7a00013bfe84,14,0.160947632,0.37508597,0.208732877
5bcb229aa8920a00013060fa,16,0.250171939,0.516655204,0.411885576
5bcd295277740000016ab0a5,10,0.250171939,0.555517347,0.325239726
5bd9f569eb22f2000183df4e,16,0.421928731,0.546842761,0.514685737
5bd9fed6780d50000109c503,9,0.281400447,0.312628955,0.27114726
5bdbf2d92562330001b8d056,13,0.041981889,0.187714924,0.103485093
5bdc4d25a49c2800019e1c24,9,0.321551385,0.5,0.636176837
5bddd64b48428800013061a6,13,0.557652629,0.692175431,0.546810788
5bddf0f876219d00014b145e,11,0.200206327,0.549965612,0.535665362
5be0a65507684000010cf0f9,15,0.339396247,0.678448615,0.593621575
5be2e7e491deed00015adcb0,15,0.250171939,0.100275103,0.265028203
5be781ca3b047e0001a39e47,10,0.250171939,0.325120358,0.000684932
5beb8419aec9ef0001e9d5fb,16,0.000343879,0.000343879,0.000684932
5bef87523d79ff0001275154,13,0.000343879,0.125257909,0.15672089
5bf08e67d63d690001360a79,11,0.125257909,0.175223521,0.182254047
5bf32090a155c300016f3c06,16,0.04718664,0.078415148,0.11817083
5bf5ab78f35e0c000101b657,8,0.5,0.649896836,0.444520548
5bf720e60b616400019c6c6c,11,0.000343879,0.000343879,0.232509785
5bfd81fb2feab400014d9060,17,0.250171939,0.029735415,0.353142627
5c0023fb2213be0001c2cdde,14,0.431865074,0.341018507,0.546810788
5c003b5c2c8cc1000138e25f,15,0.366758368,0.566620816,0.5
5c0150326a0c6e00013c6068,16,0.281400447,0.281400447,0.220970991
5c03217b1a20110001e979f0,4,0.187714924,0.437542985,0.214677104
5c05ff644c14cf00019db0a9,17,0.720436524,0.646957683,0.72028606
5c0990b854deae0001ac693c,16,0.437542985,0.702985299,0.382514102
5c0a696aa4e5fc0001759543,13,0.477288358,0.227460298,0.383493151
5c0f1cf4f3027300014b606f,15,0.321551385,0.428620554,0.382514102
5c101f812a1a620001f04007,4,0.437542985,0.250171939,0.250342466
5c11f8202b16ba0001c8b764,8,0.214482217,0.036033602,0.150479452
5c12521fbf739a0001cfeb03,15,0.316792756,0.216861531,0.426571313
5c1bc0ab84ff14000184c2ce,15,0.5,0.285861662,0.5
5c1c137b0739430001693cf5,7,0.166895919,0.45836199,0.350205479
5c223d4a4a7e1f000137e5b9,15,0.150240715,0.000343879,0.219135274
5c27f83289f035000174a168,12,0.62491403,0.749828061,0.681569116
5c28113978fad50001932f58,13,0.230954396,0.173301767,0.133835616
5c2cdb4e213a1a0001b9c475,11,0.272883581,0.204748656,0.063099315
5c2d187569ceff00011417de,5,0.250171939,0.562457015,0.333561644
5c2fcd716ea6880001dc8e3d,14,0.269389483,0.288607026,0.397199839
5c3027ef69d7820001063974,13,0.346259655,0.269389483,0.265028203
5c31847f10677f0001ddc781,9,0.58327602,0.472241327,0.403977871
5c3282cd53d7b10001934577,5,0.749828061,0.5,0.5
5c381b1ce4dbd30001fbc9c9,10,0.388965306,0.305689286,0.211933614
5c39606586c1450001a9675d,16,0.687371045,0.812285076,0.858882705
5c3a34eebe1ddc0001aa35d6,11,0.325120358,0.225189133,0.353142627
5c3fb71b36052e00016bb1a6,8,0.62491403,0.312628955,0.265028203
5c40e7d99d27f00001159a65,11,0.272883581,0.318306865,0.250342466
5c43349027bb0d0001282427,10,0.250171939,0.472241327,0.15672089
5c454961f5e3bc00014ed20b,14,0.107413048,0.250171939,0.266986301
5c4684826a7dbc00017c0a87,7,0.549965612,0.350103164,0.312756849
5c47d714a8703f0001b6e780,13,0.576870172,0.288607026,0.485314263
5c4de8f726093e000134ee6e,15,0.316792756,0.166895919,0.265946062
5c55fec09fcbc40001dc50b5,16,0.015958133,0.015958133,0.000684932
5c5732a80a537a00019ea4eb,17,0.088518489,0.117910025,0.265028203
5c57631a47a04100010da795,9,0.472241327,0.527758673,0.522696139
5c57c06ed05b82000139682e,16,0.172100671,0.312628955,0.219135274
5c586f5eee248f00016b7fe7,11,0.386441791,0.568134926,0.480795574
5c58e01e6f4ec5000164c35a,16,0.078415148,0.000343879,0.088799355
5c5aecc774a76f0001a25ced,16,0.390700224,0.297014701,0.375171233
5c5deed04ee81200018ebb4a,15,0.41672398,0.350103164,0.544057212
5c5fc78e96dff400013607a5,7,0.071723325,0.071723325,0.14334638
5c6319a0b73d590001ae789d,17,0.617566146,0.558783073,0.632171636
5c6a36214fbf270001311702,17,0.294259244,0.367738086,0.309085415
5c6a3c721519ac0001668582,5,0.812285076,0.749828061,0.721917808
5c6aecbad0fb370001731cac,9,0.222413266,0.222413266,0.250342466
5c6b2f0d5b27b00001a3561f,13,0.596087716,0.653740345,0.557613277
5c6d590ca190e0000103ec5f,10,0.599931224,0.699862448,0.632171636
5c70852d7826350001565ce4,10,0.000343879,0.000343879,0.000684932
5c71b63c4aa8ec0001f2bfc4,12,0.386441791,0.409153433,0.397199839
5c720c7278263500015665f9,16,0.133585511,0.200206327,0.294399678
5c742339e621f900163f4543,15,0.000343879,0.116930307,0.375171233
5c7a94dc8fbcb100146b6dc7,11,0.075292297,0.250171939,0.516643836
5c7cf8b58ca9000001b52f6e,14,0.125257909,0.553534584,0.5
5c7dcd11f066ff001568e56a,8,0.156486417,0.343857462,0.450068493
5c801cd6aaf2af0016478e6f,14,0.480782457,0.442347371,0.485314263
5c804f4092ad770015846011,15,0.433379184,0.649896836,0.683082192
5c82656bed1753001581fd1e,17,0.07382272,0.279563476,0.132856567
5c82a8cdfff8430015e9942f,6,0.125257909,0.125257909,0.318430884
5c82d0ac51b0e00015cbd2fc,15,0.303706524,0.268016801,0.323771152
5c83f1ed20b39a001440b6b1,17,0.176693098,0.220780403,0.558742949
5c8676deddda2d00012ad386,14,0.403912284,0.19251931,0.33845689
5c871f91e769f8000178afc8,5,0.000343879,0.250171939,0.015370669
5c8e1af5c6e10f00010d6212,11,0.522711642,0.817962986,0.541609589
5c90094e71f3100016181ea9,10,0.125257909,0.524982806,0.477303861
5c925b0fb138fe0014e4036b,13,0.000343879,0.000343879,0.000684932
5c92870723bd7e001870138e,9,0.312628955,0.250171939,0.288751317
5c92cda483617d0010bef1b8,16,0.183551123,0.483344796,0.411885576
5c935d881754ba001b25697a,9,0.281400447,0.406314477,0.266986301
5c9527e29e4f7400011e1571,9,0.125257909,0.437542985,0.545392279
5c971acab18d000001e1afd7,17,0.191388866,0.294259244,0.33845689
5c9a7872e2a8d00001585513,14,0.428620554,0.303706524,0.515603596
5c9ebf067114700016da2813,7,0.041981889,0.083619899,0.100547945
5ca272f5caf59c0001a942cb,16,0.390700224,0.390700224,0.515603596
5cb52a1e33f33d0001249130,16,0.066964695,0.116930307,0.132856567
5cb9bc10e50fe5001746c43b,15,0.599931224,0.400068776,0.718450342
5cb9ca6814b3cb0017e4f7dd,17,0.308955013,0.602870378,0.544057212
5cd062370081a60017789079,12,0.100275103,0.275154746,0.250342466
5cd321750316ed0017c81bcd,12,0.341018507,0.795251344,0.653635406
5cdcd4ca9f75db0001411660,11,0.182037014,0.250171939,0.5
5cec2163d439ae0016596611,9,0.031572387,0.187714924,0.187928082
5ceff2032de4e90015c822c4,16,0.109643655,0.297014701,0.323771152
5cf21b7b2456d90001ee8e40,6,0.599931224,0.549965612,0.529371475
5cf5134c8f8ff80019e76721,16,0.031572387,0.140872163,0.141117295
5cf7bfff528ef50001e96f69,15,0.464310277,0.357241108,0.343964041
5cfbdcec8483c6001930c1b1,16,0.04718664,0.015958133,0.367828364
5cfc3d486e9951001a0cb8cd,13,0.096431595,0.038778965,0.14334638
5cfdd7d53ca1bb00011030d4,17,0.558783073,0.41182539,0.66154311
5cfea2427b91e70001423ffb,13,0.200206327,0.275154746,0.316917808
5d003450f641130018828b8e,16,0.343857462,0.937199106,0.642661448
5d045502bdeaa5000165e935,16,0.453157239,0.390700224,0.573428687
5d0d16d991270800010b7dd7,16,0.297014701,0.109643655,0.33845689
5d0e9d1bf403080016411381,7,0.083619899,0.166895919,0.146318493
5d14cea059c33d0001f19bb3,16,0.433379184,0.200206327,0.411885576
5d1618630b1f87001715eca7,10,0.281400447,0.593685523,0.416780822
5d1beb9c9e033e0017a725dc,12,0.250171939,0.229352934,0.616506849
5d1d3f10d5669200017b4e46,12,0.454576716,0.545423284,0.5
5d204134abea8100173fa8a4,16,0.000343879,0.109643655,0.220970991
5d254db8bb2e30001933fe36,16,0.437542985,0.312628955,0.367828364
5d256c9b3eee7d001541a073,11,0.341018507,0.318306865,0.458390411
5d264dc7e4a0cb001a3efea6,16,0.468771492,0.62491403,0.544057212
5d2e56ae72b6780001c66698,8,0.656142538,0.656142538,0.546810788
5d305152b2cfe00019231a2a,12,0.54163801,0.41672398,0.666438356
5d30a193b2cfe00017231a93,9,0.055861226,0.250171939,0.15672089
5d329756062745001921494a,6,0.41672398,0.62491403,0.318430884
5d338bb02381b7001761694e,17,0.206084635,0.323650781,0.382514102
5d344bd3b0f315001a122275,14,0.107413048,0.178792494,0.283630137
5d378df21acda30001e7191e,9,0.194654593,0.444482653,0.774623288
5d453e8723a5bb0001492546,14,0.096431595,0.19251931,0.172324486
5d45c2d1da9cb60015aa4312,15,0.083619899,0.300137552,0.283630137
5d461284d9b0690001720f6d,9,0.031572387,0.094029402,0.100547945
5d4702f04f947a0001181420,16,0.203329178,0.328243208,0.367828364
5d478068ff3efc001a89d7de,16,0.849759285,0.533310408,0.390774829
5d47abcc2dc88900166f27c9,15,0.33344796,0.450034388,0.323771152
5d4a41890e604c00011ade8b,15,0.133585511,0.150240715,0.265946062
5d4b265b72db9d0015e8aac6,4,0.312628955,0.250171939,0.194863014
5d4c7ac3e8ec490018b0050d,5,0.649896836,0.899724897,0.527739726
5d4e24cdcc0b630001a2698d,14,0.19251931,0.423129828,0.23369863
5d5067b25371ae00191f69c4,9,0.444482653,0.58327602,0.5
5d54b73f1c1de70015d50959,8,0.400068776,0.450034388,0.437585616
5d558ebe886e3f0020e90fce,13,0.33344796,0.250171939,0.400136986
5d55d562e04e1c0001f5e682,12,0.091190446,0.182037014,0.250342466
5d5c265773125e001af7f4cf,16,0.062800894,0.297014701,0.162228042
5d5eeb06d8bcde00162d73f1,12,0.350103164,0.62491403,0.671639555
5d5f07cdca10e90016bc0103,16,0.172100671,0.140872163,0.250342466
5d5f31230fc94a001c632b69,14,0.285861662,0.214482217,0.450068493
5d5fa32a0fc94a0001632ac7,1,0.250171939,0.5,0.250342466
5d612ae16512d700159face7,14,0.143102771,0.089568186,0.27971394
5d6141608a11df001a477fbe,16,0.843513583,0.031572387,0.88182917
5d62935aacd67c0015b06e8d,6,0.250171939,0.250171939,0.250342466
5d63179aa3b94d0001da4bb6,15,0.089568186,0.143102771,0.059427881
5d6394518df2870001a74b42,6,0.000343879,0.150240715,0.273038605
5d66ea7549716000187f26af,11,0.250171939,0.13661373,0.307955743
5d6d6412f570e000184cf48b,14,0.115649138,0.134866681,0.265946062
5d6edb6ada16690017c9b828,8,0.214482217,0.428620554,0.217054795
5d6ef023cfe0a400198f911e,14,0.269389483,0.327042112,0.312756849
5d73b97a40e4bc00019e1db8,4,0.250171939,0.250171939,0.300273973
5d74001d391b6600175f433b,13,0.023055521,0.272883581,0.266986301
5d76a776f6630c0018431c01,13,0.077214051,0.442347371,0.132856567
5d78647e4dadc9001a3e34dd,9,0.250171939,0.70819005,0.300273973
5d7af4ee784e52001b9b02da,15,0.5,0.660603753,0.515603596
5d82be0cf45ead000150f026,15,0.050309491,0.100275103,0.172324486
5d82d28977546f00166ae702,16,0.062800894,0.062800894,0.147542305
5d83d2f1ae7a8b00017ec6a9,17,0.191388866,0.382433854,0.323771152
5d847ac9be4b0b00188463d7,10,0.111378573,0.055861226,0.15672089
5d849ee0a954540019f513dd,8,0.041981889,0.29180995,0.400136986
5d88db42c1d06e001a1fdcab,13,0.29180995,0.33344796,0.617485898
5d8927d21571f4001c8ce125,10,0.33344796,0.361206633,0.11817083
5d8c46cc53b833001a4bf916,17,0.044431184,0.07382272,0.191599517
5d8d12f6d88e3a00142c9751,13,0.365477198,0.749828061,0.549931507
5d8fea94efcbb5001756364b,14,0.154084224,0.327042112,0.162228042
5d9373b0e04970001ab482da,7,0.000343879,0.350103164,0.428669276
5d93c9c410165c0015326102,10,0.150240715,0.350103164,0.11817083
5d94794a521f890016f93604,14,0.384694741,0.615305259,0.940572119
5d9a09095223b6001809f1c9,11,0.050309491,0.200206327,0.059427881
5d9f8573ce3daf0015e3e400,16,0.031572387,0.062800894,0.074113618
5daa18ed95be5f00133609e8,8,0.071723325,0.143102771,0.067260274
5daa6f580d55870011370fd3,10,0.325120358,0.050309491,0.294399678
5daab7a060ac5d0014235b89,11,0.908809554,0.795251344,0.72028606
5dacf17a6f11e500163e3bc4,16,0.297014701,0.250171939,0.27971394
5dae25fc2e361800135fbd02,16,0.343857462,0.702985299,0.573428687
5db0a97f127d4000117cdfa0,10,0.285861662,0.464310277,0.410836595
5db222231ff7b4000ab2cfc1,15,0.699862448,0.183551123,0.468792808
5db3029ffa4efa000a145bde,16,0.156486417,0.203329178,0.206285254
5db3b031efa9f6000cf02400,5,0.699862448,0.100275103,0.5
5db6ff8c7f9e6b000dd24a19,17,0.323650781,0.000343879,0.220970991
5dba287f9653e80734e335d7,5,0.312628955,0.250171939,0.187928082
5dbaded2af6b8e0e8c3632ed,16,0.000343879,0.078415148,0.044742143
5dc091fa9be08f03fb01a816,14,0.125257909,0.146076914,0.268175147
5dc1c27fb3e5c212018d9e33,8,0.178792494,0.214482217,0.225376712
5dc1cd625fd2031344dfe43d,15,0.033654287,0.383413572,0.162228042
5dc1eb838a84461511b3cd73,12,0.227460298,0.431865074,0.599863014
5dc4175e3317732e53467e8b,16,0.515614254,0.000343879,0.646857373
5dc59aea37023940a0860dea,16,0.109643655,0.140872163,0.132856567
5dc8d8b90a0b38630af7a0ba,8,0.218943432,0.406314477,0.191599517
5dcaf5db575da17c63ebb51b,16,0.109643655,0.094029402,0.030056406
5dcca657854936945d68eaa9,12,0.000343879,0.444482653,0.088799355
5dce29700ad506063969a4a5,14,0.000343879,0.01818874,0.033972603
5dcefcd0307b8d05031d7264,17,0.206084635,0.015039647,0.132856567
5dcf0e94fce60605794da411,11,0.272883581,0.250171939,0.454607721
5dcf402982569a08ddd84086,17,0.176693098,0.103214257,0.421982021
5dcf7b49523df00ae9c4e07e,11,0.272883581,0.431865074,0.359567637
5dd0c43acaee3e187643d32b,15,0.66655204,0.683207244,0.578017979
5dd106ec7beb291ab1c63d0f,16,0.172100671,0.000343879,0.103485093
5dd1964987c1fd2082c4d88e,16,0.078415148,0.04718664,0.132856567
5dd1ab5dd3ac2a21600f87b8,15,0.133585511,0.283482348,0.692044257
5dd2c9f2c925a82e5167ef8b,16,0.000343879,0.000343879,0.000684932
5dd3e852b988873c617cd21a,17,0.16199733,0.485304232,0.529371475
5dd3e9d93228863b9c89ad1a,15,0.116930307,0.150240715,0.147542305
5dd5db1ded7ea4574c7bc996,12,0.083619899,0.194654593,0.172324486
5ddaa1e583e309a04100bd57,16,0.094029402,0.062800894,0.562414384
5ddae85b393bd3a44d7cbaaa,16,0.234557686,0.281400447,0.375171233
5ddc516e82a527bc2397e6e1,16,0.062800894,0.062800894,0.103485093
5dde8fba82f458000c8c7c75,13,0.812285076,0.437542985,0.749657534
5de01c13c3a15e0a03332169,15,0.050309491,0.033654287,0.109910103
5de1986c040f531f97eb6092,16,0.04718664,0.156486417,0.11817083
5de481c2a49875052fcf6dee,8,0.392930831,0.285861662,0.406378425
5de7f5d27c17f804d007da90,17,0.632261914,0.5,0.72028606
5de82c263aa2777a36b996b2,16,0.062800894,0.04718664,0.11817083
5de9ca36a484410fdd8a928b,16,0.683207244,0.200206327,0.609225171
5de9ef512dc5c612021d3038,10,0.055861226,0.444482653,0.464334638
5dea76e109c1071948aed0ff,16,0.421928731,0.343857462,0.546810788
5dea8a8fcd6328000aeb1cf4,17,0.264867708,0.264867708,0.441257051
5deb3c192235ad24f4a21826,17,0.16199733,0.132605793,0.294399678
5debccb0389fde2b5e13fcea,14,0.464310277,0.607069169,0.749657534
5dec1c522911273179e44dbe,6,0.300137552,0.250171939,0.278082192
5decaac46e09cf3792805023,16,0.203329178,0.187714924,0.250342466
5dee72917309b950e5262f3a,13,0.634522802,0.519217543,0.624828767
5df162b6c76aa6080c4c7694,5,0.250171939,0.400068776,0.107681018
5df58b28ecb3ea3ed1ceea37,6,0.687371045,0.562457015,0.568088418
5df97abeabec5d6fcbbc764d,15,0.446465416,0.214482217,0.11817083
5dfb693a73d72487b1fe495b,9,0.222413266,0.305689286,0.278082192
5dfc64647adf4b971f329cbf,16,0.656142538,0.656142538,0.617485898
5dfcfabe2b12bd9d55590694,14,0.057996508,0.442347371,0.323771152
5e025e51a2c696de398fa46b,15,0.450034388,0.366758368,0.416780822
5e04446a783225ee6e9ed929,15,0.633241632,0.250171939,0.5
5e065bba5a342503b3f3e0bc,6,0.37508597,0.66655204,0.196844423
5e0d416d13ec504cb9c43cbf,14,0.365477198,0.557652629,0.433424658
5e0e32ee1d4607573dc85b1f,16,0.312628955,0.187714924,0.455942788
5e0e66730db8925a55fffbd5,9,0.111378573,0.361206633,0.11817083
5e121701dc79bd8a1a22ca99,10,0.166895919,0.166895919,0.159557908
5e121b2b82a955890a9b3484,10,0.5,0.524982806,0.724691781
5e1276f7e69d0a912635da16,12,0.146076914,0.229352934,0.265028203
5e13d5a0398bb6a1517fab4c,13,0.729009055,0.70819005,0.692044257
5e1414d158a5c7a5a1d99be3,14,0.346259655,0.327042112,0.383493151
5e15e63a4f40fbbd907aff1e,8,0.000343879,0.000343879,0.08390411
5e175705cfe8dc000b559793,15,0.233516735,0.483344796,0.441257051
5e1797da928b15062260e30e,10,0.250171939,0.37508597,0.520804795
5e1882adfd7db4158998b5f0,13,0.146076914,0.208533929,0.217054795
5e19c8d1477f3b24e0ac5efa,13,0.270990945,0.645733035,0.514685737
5e1a288a1859772a7ff2700a,16,0.343857462,0.562457015,0.411885576
5e1b9d3d08b5ba3c86879d5b,16,0.468771492,0.5,0.796468322
5e1c138a2bf9514062e4de6b,17,0.250171939,0.16199733,0.426571313
5e1f938b06121f2be0d1ead4,7,0.208533929,0.166895919,0.309085415
5e2039ccf0b71e34ef9c60a2,17,0.353042317,0.264867708,0.705600322
5e2093a7e10aa2000c631268,11,0.000343879,0.250171939,0.167123288
5e23646fd3ba5760bca7801c,16,0.656142538,0.702985299,0.602800161
5e2784b2cf46ff9ab1191cc9,8,0.5,0.678448615,0.704265255
5e27868c5cbbcc0b3599574b,14,0.250171939,0.000343879,0.235656728
5e2861fb5c6297029148b635,7,0.37508597,0.5,0.281549658
5e28e8730fd86a0a19e084cd,15,0.000343879,0.232327078,0.250342466
5e29ada5d441690127fb5748,16,0.172100671,0.62491403,0.441257051
5e2a425609072a0abb76094b,16,0.312628955,0.390700224,0.453189212
5e2ac2aa0038f21089a533a4,14,0.884350862,0.730610517,0.966027397
5e2b0d34a8dc8c000cc53114,15,0.428620554,0.285861662,0.27971394
5e2e9c7388448746ab366b7f,7,0.549965612,0.400068776,0.468792808
5e311dd7a390be11ebfc23c3,11,0.159325372,0.227460298,0.359567637
5e35d4a59d323458753819d2,6,0.37508597,0.37508597,0.125513699
5e37b3d7abde98738c0f1e7c,16,0.531228508,0.593685523,0.633150685
5e3889c805856605d1838c21,14,0.557652629,0.519217543,0.596022129
5e38e79295ff561112eae457,12,0.166895919,0.083619899,0.154320337
5e39d872793a082024d9cf18,16,0.031572387,0.187714924,0.030056406
5e3a7e26ca5cf328020dc4b6,16,0.156486417,0.172100671,0.147542305
5e3adfc595ff562fbdd130fa,13,0.395904975,0.562457015,0.406378425
5e3b9b820014e23ad71813c8,11,0.574948418,0.799793673,NA
5e3cba059e9d0b0b3663c90c,13,0.327042112,0.154084224,0.303840509
5e3d679eaa341501c1a5a90b,11,0.068478805,0.227460298,0.088799355
5e3d91a08dfa83000c9f4d36,15,0.050309491,0.066964695,0.250342466
5e3dff6b8714b707b9a258b0,12,0.182037014,0.13661373,0.250342466
5e40774a2ee93c2ae0ecad03,11,0.250171939,0.400068776,0.150479452
5e416e22fb96eb000b3fe2a8,15,0.01818874,0.196637355,0.125513699
5e41d817cfafb807ef94486a,15,0.233516735,0.383413572,0.406378425
5e44399336d11f01939401eb,16,0.140872163,0.297014701,0.281549658
5e46f51bc3298c1bf813a984,16,0.406314477,0.702985299,0.382514102
5e4a1730c94447480594cea4,14,0.285861662,0.607069169,0.266986301
5e4a59b502b78f4a232c0cff,10,0.674879642,0.899724897,0.749657534
5e4af9e73485dd000c99724e,15,0.5,0.214482217,0.23473887
5e4dd61e228f8723566e06d4,6,0.100275103,0.200206327,0.072015656
5e500182080ac1000b1c7315,15,0.450034388,0.549965612,0.624828767
5e51dfe3618c57215938d7b7,10,0.000343879,0.277930613,0.5
5e52d0122f5f952f2a7b6b28,12,0.363730149,0.409153433,0.328360445
5e531b2205acdb33c0f5f24c,17,0.367738086,0.441216927,0.558742949
5e552a5e45774651f60e62b3,9,0.250171939,0.028102552,0.450068493
5e5ab88a43f33029b119a48c,17,0.206084635,0.206084635,0.27971394
5e5b0bcc7a584430eb8bea65,12,0.520819005,0.729009055,0.649794521
5e5d641259df370779040d9e,15,0.066964695,0.150240715,0.343964041
5e6027f12036113753519c82,16,0.125257909,0.156486417,0.132856567
5e602d66bc402a381b35f74a,8,0.350103164,0.400068776,0.386519303
5e606b1eaf84e83c728748d7,17,0.441216927,0.088518489,0.544057212
5e614c386ee9b3017b83e4bc,9,0.527758673,0.250171939,0.57489726
5e63e24eaf3bd51660031dbe,15,0.150240715,0.266827144,0.294399678
5e649034feba20212bb729db,10,0.325120358,0.475017194,0.386519303
5e65c211b45c6432d8227e4c,8,0.107413048,0.357241108,0.204950187
5e667f3bc3f30a4050fc8f2f,16,0.031572387,0.172100671,0.219135274
5e6690ca0ef3a301da87b4d9,10,0.194654593,0.194654593,0.250342466
5e683c4d6ca0f9000d3f35fe,12,0.312628955,0.166895919,0.354366438
5e6869e6fe7f431210ced3f1,5,0.250171939,0.400068776,0.305821918
5e6989bc651f7d241449fccf,17,0.558783073,0.250171939,0.353142627
5e69987e0873d600084bc920,11,0.200206327,0.425051582,0.250342466
5e6d3b17a2b73d2f7aef3d04,12,0.341018507,0.204748656,0.063099315
5e6da92a65f32b372cf0fbdc,14,0.125257909,0.107413048,0.088799355
5e6ef5fbf14d264ae2ef3867,10,0.139137246,0.222413266,0.409215442
5e6fd38fe95be7071b5196bf,16,0.183551123,0.533310408,0.346364594
5e700bdb6319c15ed8726932,16,0.094029402,0.749828061,0.656035959
5e770f11a9d3b527c662aa23,16,0.000343879,0.234557686,0.044742143
5e78bf026d9a62443b9d5b74,7,0.58327602,0.5,0.687243151
5e795b321feceb5164cd115d,12,0.29180995,0.250171939,0.416780822
5e7c987c0d34ae2d8f9c7d8e,8,0.437542985,0.468771492,0.375171233
5e7d031be805560ae6b93dba,9,0.62491403,0.468771492,0.103485093
5e7daa886c123242e86c8138,11,0.386441791,0.363730149,0.615226554
5e7f64a99b18e463f74b0c91,13,0.479180995,0.70819005,0.609225171
5e80d8569d1bdf03449b0c2e,10,0.275154746,0.450034388,0.454607721
5e815773285d3883ba2fbbcf,8,0.000343879,0.250171939,0.033972603
5e820eb36551aa02fd72e1dc,12,0.250171939,0.075292297,0.187928082
5e82cbf3469f74a0b6d0fd29,15,0.383413572,0.433379184,0.470628525
5e83d36b6d7daf107aea7a7c,12,0.386441791,0.522711642,0.286007828
5e8421d0df483e18852ff25e,8,0.156486417,0.218943432,0.250342466
5e84253b26729e1847f16611,10,0.300137552,0.350103164,0.265028203
5e84b8443f064006f1b5215c,9,0.527758673,0.833104081,0.545392279
5e84cf62eabe5c081ea860c5,6,0.300137552,0.050309491,0.357338552
5e8537fe23609011fe987ca7,3,0.125257909,0.125257909,0.000684932
5e876872ca754f08ceb52e9e,14,0.354266965,0.66655204,0.666438356
5e87e49bb69f7b469f03cc68,16,0.234557686,0.421928731,0.428669276
5e89fdffad009e010e958ee7,15,0.482155139,0.392930831,0.406378425
5e8b835818346405e2571585,16,0.218943432,0.265786193,0.33845689
5e8be450affef10d24343a7f,17,0.264867708,0.382433854,0.206285254
5e8d44819163b611f62d706c,10,0.200206327,0.37508597,0.5
5e8fa34befd9542a66b02feb,9,0.312628955,0.37508597,0.531207192
5e911cfaefd95445d5a6c890,16,0.328243208,0.187714924,0.294399678
5e9128974d246b4532f248ff,17,0.617566146,0.5,0.749657534
5e921c1b451807056a5e85bb,14,0.125257909,0.37508597,0.27971394
5e935ec0ba38620009a3b0d8,16,0.562457015,0.515614254,0.588114424
5e9420fb792513752fd18744,11,0.225189133,0.599931224,0.599863014
5e9732d6bafec41daaf8fc30,8,0.000343879,0.083619899,0.089848337
5e975c32ca82b62079dc8f7c,12,0.658981493,0.704404777,0.36556902
5e975ea254955d0bfe9f7929,16,0.234557686,0.265786193,0.353142627
5e9a567a22a6fa0ee4cf44f1,12,0.41672398,0.250171939,0.562414384
5e9a600390f4ad0f0f200993,8,0.250171939,0.143102771,0.250342466
5e9aa65a9d211b140b6919f7,15,0.928276675,0.892586952,0.867143433
5e9b061b5eb4e3000a5ebc0b,7,0.250171939,0.37508597,0.5
5e9b8957035d900898422c3c,10,0.222413266,0.527758673,0.477303861
5e9ca054511e7a1c5c5640e5,16,0.343857462,0.562457015,0.705600322
5e9f55237c0db50bb0a02621,9,0.222413266,0.41672398,0.235656728
5e9fc65dee2ccf178f0e413f,16,0.109643655,0.125257909,0.206285254
5ea08654ea87f206588b6b50,16,0.265786193,0.109643655,0.367828364
5ea3b1b9fc11ed33dde53561,16,0.000343879,0.203329178,0.265028203
5ea492e3b1b3620a6fee3b90,11,0.425051582,0.37508597,0.295734745
5ea523b2a7782138712c7e1b,14,0.785517783,0.517844861,0.838820939
5ea5d2b8d2bc3308f7af06d5,15,0.350103164,0.483344796,0.573428687
5ea5dd6605b5170963934a65,16,0.156486417,0.250171939,0.250342466
5ea70b0537c5170b90ece8ac,17,0.044431184,0.206084635,0.088799355
5ea7434507a21c11406c58d6,9,0.571379446,0.392930831,0.666438356
5ea77b0161f86b151f475c8f,17,0.147301562,0.088518489,0.074113618
5ea8fe56a6d1a135a5a442cd,15,0.038778965,0.365477198,0.125513699
5ea9024a58a5ae36f0416ed6,15,0.116930307,0.266827144,0.265028203
5ea90a840928983752c88275,12,0.208533929,0.5,0.297153253
5ea963dc8304320363c8398c,12,0.111378573,0.916380101,0.716369863
5ea9704edf73440535b5e34d,2,0.5,0.000343879,0.250342466
5ea997837d28170bc5125c56,11,0.200206327,0.425051582,0.359567637
5ea9cc7058ebeb11a12e659c,12,0.045767163,0.068478805,0.015370669
5eaa605c7c3cbc1f14421a94,11,0.454576716,0.749828061,0.726961395
5eaa6339b2e5311e8e020396,16,0.359471716,0.484385746,0.375171233
5eaad5dcc2e64603e5122442,15,0.357241108,0.517844861,0.858882705
5eab89102e910016bb0b5414,13,0.403912284,0.576870172,0.250342466
5eac2cc56665cc23af76e945,12,0.45836199,0.54163801,0.566575342
5eac6f1aa8b3bb0dcfebeba9,12,0.208533929,0.604095025,0.359567637
5eadc21b6d4da6467f9d0a6b,15,0.233516735,0.283482348,0.453189212
5eaf02446c144d5e3a4d4562,12,0.341018507,0.5,0.411885576
5eaf33928c0ee3626f0036e5,4,0.187714924,0.312628955,0.044742143
5eb02a40b17a8c0868685d32,15,0.133585511,0.466689592,0.558742949
5eb030b6e679c6080c9b2350,16,0.109643655,0.000343879,0.333561644
5eb0deb2bd00da19c156f390,12,0.341018507,0.318306865,0.323771152
5eb1bc2b9d57e52f90d13214,14,0.000343879,0.178792494,0.191599517
5eb24b26f30ede1a6ae46c14,4,0.437542985,0.125257909,0.250342466
5eb2d579ed24d507082b07a2,17,0.206084635,0.176693098,0.281549658
5eb2f1a1ce5ba10ab2c0a042,15,0.300137552,0.283482348,0.5
5eb33612d573b51326905f30,12,0.227460298,0.113902088,0.133835616
5eb52896e034073a7b8aa981,15,0.266827144,0.150240715,0.176913779
5eb635754bbde6534e62c05e,12,0.091190446,0.341018507,0.350205479
5eb960c022781303ab1ca871,17,0.485304232,0.646957683,0.5
5eba34aa6f816b16d72f49e1,14,0.384694741,0.423129828,0.300273973
5ebc75d16a8f8f0c09ba480b,10,0.29180995,0.45836199,0.475034247
5ebe057674d69c15b1642055,12,0.400068776,0.150240715,0.482167319
5ec12ad1759b78000a4f9965,16,0.484385746,0.359471716,0.823086221
5ec19dd52abb6a5ce5b9fe05,17,0.426521159,0.294259244,0.367828364
5ec2f967fa87231315e8b60c,16,0.33344796,0.466689592,0.455942788
5ec2feeb47c4471339d3b2ce,17,0.5,0.103214257,0.323771152
5ec453f93ba6b432bdf01d58,13,0.480782457,0.442347371,0.442386723
5ec46d59c1c5e016fafe11d6,15,0.549965612,0.566620816,0.406378425
5ec5880e02a64c5b4102561f,17,0.015039647,0.088518489,0.059427881
5ec5a64c306f255ec98d5cc1,9,0.139137246,0.139137246,0.200410959
5ec5ba3e981556631c1a78ba,12,0.270990945,0.146076914,0.318430884
5ec6c96f5b660e0f25ea094c,6,0.549965612,0.300137552,0.557613277
5ec75df0d799ae1c11a8115c,10,0.225189133,0.250171939,0.281549658
5ec771e68288e91bf1919096,10,0.607069169,0.821207506,0.636176837
5ec7ec01fc75cf27b5dd16ee,16,0.297014701,0.359471716,0.485314263
5ec81134ac7d6b2b9ac51453,13,0.000343879,0.33344796,0.450068493
5eca36ad460a2b19ab37697b,16,0.000343879,0.172100671,0.000684932
5eca8de81197051fa92b5a6a,6,0.050309491,0.050309491,0.063099315
5ecaa9b289161d043d541b6c,14,0.365477198,0.519217543,0.411885576
5ecacb83b7f79d242d455216,12,0.182037014,0.477288358,0.816232877
5ecc6fb87c7c7646490f3cf8,12,0.091190446,0.386441791,0.183767123
5ecd649985aa0b0c194928bb,10,0.250171939,0.425051582,0.200410959
5ecffcc0d483170a794928e9,16,0.765442314,0.37508597,0.867143433
5ed0091bd374190b9b04045d,16,0.297014701,0.312628955,0.382514102
5ed062703c9248144a334cb4,9,0.321551385,0.464310277,0.333561644
5ed081544e61f3163c036286,12,0.250171939,0.250171939,0.749657534
5ed17af75957f60d040e3f34,13,0.479180995,0.687371045,0.397199839
5ed1c05a74af59110a5aa82f,9,0.444482653,0.66655204,0.713992172
5ed2109da3c8c204b76f6cd5,17,0.117910025,0.000343879,0.000684932
5ed53833cb34a1098e5e2bce,11,0.204748656,0.454576716,0.250342466
5ed57ec8141d24118731f1bc,9,0.468771492,0.37508597,0.852457695
5ed8c264d134c803a2670e4c,15,0.196637355,0.000343879,0.000684932
5eda5c5faf7c7f08a2f68cb7,12,0.687371045,0.749828061,0.632171636
5edad5d3b940fe72e6c321ac,16,0.000343879,0.04718664,0.044742143
5edaf0abba14031b7899eb3f,16,0.062800894,0.125257909,0.132856567
5edbf245e31b590a6e572482,15,0.383413572,0.350103164,0.687243151
5edc195a95d5090e1c3f91b2,16,0.156486417,0.062800894,0.397199839
5edc3b7a96a72790ae256a1d,14,0.903568405,0.769045604,0.999315068
5edd13e3858a15a07241964b,14,0.019561422,0.057996508,0.074113618
5eddaaaeb2a4d6ab5be32a02,10,0.200206327,0.5,0.346364594
5ede432f75bfd1073c1501d8,12,0.318306865,0.272883581,0.325239726
5ede8a971588b310e81f852f,15,0.316792756,0.41672398,0.044742143
5edeb3b209233c154f4d552a,16,0.000343879,0.187714924,0.044742143
5edfb0770fb0722aa3839b6d,8,0.250171939,0.321551385,0.23473887
5ee09c1a0c2ad1027f541f53,9,0.305689286,0.388965306,0.5
5ee0f5feec87fc0bc5eabdd7,16,0.187714924,0.281400447,0.485314263
5ee100c8ac33db0e30697284,5,0.187714924,0.312628955,0.393003914
5ee1327109ae2e4f8e01bd60,11,0.100275103,0.350103164,0.749657534
5ee150a384b8a1164fef6273,14,0.187714924,0.33344796,0.566575342
5ee232f2b970662cfa352567,15,0.268016801,0.303706524,0.375171233
5ee2b44f470fa7446a470c8d,15,0.233516735,0.283482348,0.206285254
5ee2c239f4ec4b804a79cf80,16,0.343857462,0.515614254,0.5
5ee3a34e16ad19048aef74f6,10,0.175223521,0.200206327,0.325239726
5ee3c01c7247c006e9a3f4fd,16,0.000343879,0.116930307,0.059427881
5ee644b8a00c6d0621d20793,10,0.350103164,0.62491403,0.484396404
5ee64e85c682de3a880579c6,9,0.094029402,0.187714924,0.288751317
5ee6706034f12e3d82d952aa,11,0.318306865,0.409153433,0.442386723
5ee8fdbb6b0e1325a483f9fa,16,0.578071269,0.453157239,0.544057212
5ee9b0eb623285360eda1910,15,0.599931224,0.683207244,0.624828767
5eea5252da0cfc115e24e69b,10,0.5,0.5,0.666438356
5eea591930ca5f0ddaa75a7f,14,0.535689723,0.5,0.5
5eeab761609f0d1df85d61bf,13,0.327042112,0.538435086,0.366849315
5eee3a583a975d29fd3e6f38,13,0.5,0.54163801,0.5
5eefa601e2550709b46a3dff,13,0.363730149,0.431865074,0.571330724
5ef05a7425018a31e8bb3c68,15,0.250171939,0.37508597,0.485314263
5ef165863c30cb15b9c83613,10,0.555517347,0.305689286,0.545392279
5ef1980b60a4447bc1a5408c,14,0.357241108,0.392930831,0.366849315
5ef428a45311db1c83d82b34,12,0.479180995,0.604095025,0.632171636
5efba90ef81cbe13a3d7df40,17,0.353042317,0.353042317,0.382514102
5f034b403ad29e529145f174,13,0.187714924,0.54163801,0.300273973
5f0963c6310eaf000b922e94,16,0.297014701,0.218943432,0.312756849
5f0dec5bb2612205fe864ab6,15,0.533310408,0.466689592,0.470628525
5f109c350780b10d05983394,12,0.363730149,0.477288358,0.549931507
5f16f559325a640008bb9a07,17,0.308955013,0.294259244,0.309085415
5f1703a31ea06d025b729ad9,15,0.599931224,0.699862448,0.72028606
5f1a30f8e8cd9a11b2832182,12,0.479180995,0.354266965,0.416780822
5f2502c10858c4143fafa023,13,0.604095025,0.66655204,0.578017979
5f26a21c70a6d23f6032b1ea,14,0.538435086,0.576870172,0.529371475
5f2853a8e736e613955f73bf,15,0.633241632,0.400068776,0.606996086
5f29aacd4eeb0b10914d3dc5,14,0.053878463,0.339396247,0.14334638
5f2a12f5837dd81e5881b7cc,7,0.000343879,0.100275103,0.042294521
5f2a13417b4ac51dc95d38c1,16,0.156486417,0.109643655,0.470628525
5f3557097104764efaee9bbe,16,0.359471716,0.343857462,0.397199839
5f3ac1732efa0a74f975b1a8,13,0.038778965,0.19251931,0.286007828
5f3b4854ac7ac783ce22070e,17,0.308955013,0.250171939,0.397199839
5f3ed5c238cf461818f961b0,11,0.363730149,0.13661373,0.27114726
5f469dcf5fcb5d0355771013,3,0.58327602,0.999656121,0.812071918
5f4813c94e8b081877fb26a6,14,0.303706524,0.392930831,0.516643836
5f482b0da1cde52de45f174c,9,0.305689286,0.444482653,0.278082192
5f48348c7dfbf12d50c6a7ec,7,0.5,0.799793673,0.562414384
5f49f3262a3d07563d14a7f1,11,0.574948418,0.599931224,0.599863014
5f4a7a00dc1bde60ab8f7ac5,12,0.159325372,0.341018507,0.250342466
5f4c4b277200c9868db9d43f,16,0.281400447,0.094029402,0.375171233
5f4c4dd50a92c286c1972f06,16,0.04718664,0.343857462,0.220970991
5f4c5105ad5ee685d48bcca2,12,0.33344796,0.083619899,0.441257051
5f4d1371c20934977e621ac3,9,0.361206633,0.5,0.84327911
5f4ee7ff2c5da213f015a27e,7,0.54163801,0.66655204,0.524965753
5f500418133110165a1539a9,8,0.071723325,0.071723325,0.028424658
5f50468c0868af1baaec306c,13,0.307824569,0.327042112,0.286007828
5f50732850c7c600098593df,9,0.5,0.250171939,0.325239726
5f52e45ad408d55fa156aa21,17,0.029735415,0.147301562,0.206285254
5f5834134283933a1c3b42d0,15,0.766483265,0.716517652,0.84327911
5f59dc445d3541000c150f40,13,0.173301767,0.327042112,0.294399678
5f5d48f1c6768e5bcae08170,12,0.409153433,0.636269851,0.538408851
5f5d967f60d7fa5fdca4cc4f,13,0.354266965,0.604095025,0.535665362
5f5f039252a9217cad40cc18,9,0.464310277,0.285861662,0.406378425
5f5feca329bdfb0cfc2a8928,17,0.367738086,0.470608463,0.441257051
5f6c102b6ec04317fc9a8127,7,0.535689723,0.214482217,0.531207192
5f6e36c7f042f033d0f97bc1,15,0.01818874,0.036033602,0.000684932
5f723cf881f5c0159cfa6da1,8,0.791466071,0.45836199,0.820988258
5f7392562b5e060e795d20db,16,0.359471716,0.265786193,0.426571313
5f773334d74b082186824cac,16,0.640528284,0.671756792,0.705600322
5f7d3ace29e51d20f794994a,14,0.480782457,0.615305259,0.593621575
5f94a8e7fa8c422fc88940b0,16,0.000343879,0.066964695,0.015370669
5f9803e732d857040c277dd9,11,0.722069387,0.777586734,0.749657534
5f9c3ecd9a95b50a57842e5c,15,0.134866681,0.423129828,0.645633562
5fa322092858085f30d5b011,16,0.000343879,0.04718664,0.015370669
A10MSB9X1UFLJ5,10,0.050309491,0.100275103,0.100547945
A11TPUPFP2S4MK,17,0.088518489,0.117910025,0.176913779
A12FTSX85NQ8N9,15,0.000343879,0.000343879,0.017328767
A13FUEPWBCLBUY,17,0.015039647,0.088518489,0.074113618
A15VCKELIEEPJN,17,0.264867708,0.455912695,0.411885576
A16G6PPH1INQL8,12,0.187714924,0.270990945,0.206285254
A18VIO909RWY6D,14,0.232327078,0.268016801,0.191599517
A1BNYBF79IQ89T,16,0.312628955,0.109643655,0.397199839
A1DMXEJGJY02E1,8,0.218943432,0.156486417,0.357338552
A1DZMZTXWOM9MR,14,0.01818874,0.000343879,0.033972603
A1EUBMQ86K32XE,15,0.366758368,0.450034388,0.470628525
A1F9KLZGHE9DTA,12,0.41672398,0.395904975,0.549931507
A1JJYY622DGE5L,14,0.821207506,0.731983199,0.838820939
A1L3937MY09J3I,10,0.200206327,0.200206327,0.286007828
A1NZFJHVJ9CNTO,16,0.250171939,0.656142538,0.250342466
A1P2RQ166VS5BT,15,0.366758368,0.133585511,0.5
A1RV2LERVS0A4H,3,0.083619899,0.000343879,0.250342466
A1TLNLB9D87H6,11,0.13661373,0.113902088,0.522696139
A1V1JNPU0KOA3X,7,0.125257909,0.37508597,0.524965753
A1VR1XQEQQXYUE,17,0.044431184,0.132605793,0.162228042
A1ZT30BGR3266K,10,0.200206327,0.425051582,0.220970991
A2196WCNDZULFS,3,0.000343879,0.166895919,0.15672089
A222R4PNCF08OF,16,0.265786193,0.172100671,0.328360445
A22ABLVEI5EGPL,6,0.125257909,0.166895919,0.36130137
A2615YW1YERQBO,12,0.062800894,0.146076914,0.125513699
A2DWPP1KKAY0HG,16,0.218943432,0.343857462,0.191599517
A2FGKKWP33DFWS,17,0.16199733,0.264867708,0.265028203
A2FL477TMKC91L,9,0.055861226,0.194654593,0.146318493
A2MHY064OSYIBI,17,0.235476171,0.250171939,0.220970991
A2MUCL20GTQJA0,7,0.107413048,0.071723325,0.000684932
A2NO3OTBZYY43Z,17,0.000343879,0.07382272,0.059427881
A2OO4PG3LBLP5I,11,0.409153433,0.409153433,0.549931507
A2OVX9UW5WANQE,14,0.5,0.517844861,0.632171636
A2S64AUN7JI7ZS,12,0.208533929,0.395904975,0.219135274
A2TLN8489YGY81,15,0.133585511,0.250171939,0.161179061
A2V27A9GZA1NR2,15,0.000343879,0.216861531,0.266986301
A2VLTSW6CXIUMR,11,0.166895919,0.527758673,0.666438356
A2XQ3CFB5HT2ZQ,13,0.327042112,0.288607026,0.36556902
A2Y0WNHMT4PZ4C,13,0.077214051,0.019561422,0.063099315
A2YGOORS5N9RW8,6,0.000343879,0.125257909,0.000684932
A30RAYNDOWQ61S,15,0.050309491,0.100275103,0.08390411
A30UE6DWFNUCWX,16,0.366758368,0.050309491,0.350205479
A3180VXVP8MOIH,10,0.250171939,0.175223521,0.265946062
A3388HIWAKD3DV,17,0.558783073,0.000343879,0.426571313
A34SIGOLUGKIHJ,16,0.250171939,0.37508597,0.294399678
A37JSOJH9695SM,16,0.328243208,0.484385746,0.297153253
A37OUZOGQKGMW0,9,0.094029402,0.187714924,0.295734745
A38I0E8UK53ME5,9,0.444482653,0.166895919,0.531207192
A3D2U4QF7821ZW,10,0.400068776,0.475017194,0.533287671
A3F51C49T9A34D,13,0.000343879,0.000343879,0.000684932
A3FAF93BMDJLAL,17,0.000343879,0.044431184,0.147542305
A3FGT6EU39C6S4,15,0.116930307,0.100275103,0.100547945
A3I40B0FATY8VH,8,0.37508597,0.749828061,0.780864726
A3KF6O09H04SP7,13,0.269389483,0.230954396,0.453189212
A3O0QZQ4V2IXT7,13,0.000343879,0.000343879,0.132856567
A3O0ZQMDKOKAMR,16,0.328243208,0.468771492,0.323771152
A3P5WIW36V70AI,17,0.059126952,0.044431184,0.074113618
A3QEVFM3UD67BA,16,0.250171939,0.203329178,0.437585616
A3R5OJR60C6004,15,0.100275103,0.100275103,0.187928082
A3UPZ88FI1EJC,10,0.649896836,0.325120358,0.470628525
A3URLNXHLP4ARU,17,0.206084635,0.353042317,0.191599517
A5BMKZRGHNSRT,8,0.593685523,0.062800894,0.610958904
A98E8M4QLI9RS,12,0.325120358,0.400068776,0.32167319
AA4O2W236E3FW,15,0.083619899,0.233516735,0.15672089
ADZHJZ078THWQ,17,0.07382272,0.16199733,0.426571313
AEWGY34WUIA32,7,0.178792494,0.107413048,0.300273973
AGWWUXDX6CI38,17,0.367738086,0.485304232,0.27971394
AIEKCWYZTS41V,15,0.000343879,0.000343879,0.161179061
AIHHRINW9IN1I,14,0.000343879,0.143102771,0.08390411
AMELYCC59JKB0,15,0.200206327,0.033654287,0.283630137
AMV1E7FFPVAW4,12,0.166895919,0.166895919,0.295734745
APGX2WZ59OWDN,9,0.37508597,0.437542985,0.519204426
AW5O1RK3W60FC,9,0.527758673,0.055861226,0.33845689
AXMPSUNKUBEIL,14,0.107413048,0.107413048,0.172324486
AZNIEFUIVB2H0,15,0.050309491,0.033654287,0.059427881
59f226a9d6380600018b2923,NA,NA,NA,0.250342466
5bf17270871dd1000197226e,NA,NA,NA,0.485314263
5cc1e9161758c700138de977,NA,NA,NA,0.617485898
5d615f7632cfbd001b1b6dcb,NA,NA,NA,0.063099315
5dc47ddd034b45342d3b2e3a,NA,NA,NA,0.000684932
5e5e9f949ec7440200735db7,NA,NA,NA,0.294399678
5e83abb4e0a2e40fd565226d,NA,NA,NA,0.5
5e9b621702bbdc069b2496c4,NA,NA,NA,0.609225171
5eaba4a0bc118a184ac2cd2e,NA,NA,NA,0.182254047
5f1b2c6bb5afc42e312b436a,NA,NA,NA,0.14334638
A3K9GTQBOI7O5A,NA,NA,NA,0.33845689
 5ad4a9f30f5d3900016a4d8b ,NA,NA,NA,0.176913779
5d7b2e78698dea001853b5ec,NA,NA,NA,0.515603596
5ef110ef74978d1e943f0e7a,NA,NA,NA,0.426571313
A1PAY3X73PQ16S,NA,NA,NA,0.11817083
A2OVWCQ4B9AHFY,NA,NA,NA,0.265946062
A3OB6REG5CGHK1,NA,NA,NA,0.281549658