Subject,TP,b_Rat,num_weights
546f8a9cfdf99b4a593414ea,Now,0.04718664,16
5484fd09fdf99b38dfb9645c,Now,0.083619899,15
5490c822fdf99b71ba910e1a,Now,0.300137552,6
54af2a48fdf99b09c01b3801,Now,0.203329178,16
550bb70bfdf99b6853dab45e,Now,0.107413048,14
557d84c8fdf99b4d577438df,Now,0.117910025,17
5588d358fdf99b304ee5674f,Now,0.425051582,12
558acd52fdf99b65685f03d9,Now,0.000343879,2
5591cd21fdf99b63126f6c60,Now,0.091190446,12
559d9916fdf99b1e2b2dc6b8,Now,0.000343879,8
559ef308fdf99b2616ff2a4f,Now,0.222413266,9
559fa17cfdf99b69c369d364,Now,0.062800894,16
55b237e6fdf99b19ea79d2f7,Now,0.166895919,15
55b9a9b0fdf99b6906d2aba4,Now,0.000343879,10
55be9292fdf99b4c861994d8,Now,0.535689723,8
55cd909c34e906000a8d1e1e,Now,0.33344796,6
55ddb84550a1f7000b90d65a,Now,0.234557686,16
55ef4896b9401300137f40ac,Now,0.16199733,17
55f63fc432af740012171ef6,Now,0.117910025,17
56259489ed6e5a0005c80fde,Now,0.250171939,7
5687d85e369319000c269c55,Now,0.000343879,16
56d0f57421cd29000a9737e4,Now,0.089568186,15
56e130548b1c33000a388671,Now,0.400068776,11
56e1bbcb6ce054000b3ffcb8,Now,0.172100671,16
56e6a66af6ed900006a5867c,Now,0.649896836,15
56ec151f388e1d000a5924d0,Now,0.361206633,10
56f0393f3f71990005d0e66d,Now,0.059126952,17
56f9364e895094000c8f4967,Now,0.031572387,16
56fa002e8425ef000b3a4276,Now,0.150240715,15
56fdff4ee0f9ff000f19c466,Now,0.125257909,6
570521cfde5095001018a0c8,Now,0.066964695,15
576017836442fa0006cfb7cd,Now,0.000343879,6
5761c23632676f0007eb36b3,Now,0.125257909,2
57656f6c2bfddf000125cce5,Now,0.264867708,17
578673a9275be6000135880e,Now,0.100275103,5
57a761c22fc0d400012c9656,Now,0.187714924,16
57b60487e5b60d0001083aea,Now,0.58327602,7
57b9bafdfc23450001acc1ac,Now,0.154084224,14
57bb6878eb28030001f7ea94,Now,0.833104081,13
57bca845e2101600015e8e88,Now,0.021162884,13
57d6dd8d6598aa000199188b,Now,0.704404777,12
57dd766bbcd7150001ded5de,Now,0.266827144,15
57e7bb4e73e67300012b8e2a,Now,0.173301767,13
5800e50de3536e00012840f4,Now,0.000343879,11
58066bf52d948b00014ba876,Now,0.568134926,11
5825ecee95f3030001cf889a,Now,0.059126952,17
5831f08ebfb3b400015a6ad4,Now,0.5,16
583b397f54686200010f1d20,Now,0.54163801,7
583f12f545073d0001fac52d,Now,0.45836199,6
58474a9c89af6500017f4cd6,Now,0.294259244,17
58742bf5d53c97000159df8c,Now,0.178792494,15
589a46af57995d0001a8a03a,Now,0.156486417,16
58a43e029a17120001d910d5,Now,0.218943432,8
58a63a64ea3d11000170e1cc,Now,0.166895919,12
58ac890076c5b70001662993,Now,0.04718664,16
58dc1373463f960001ba45b3,Now,0.04718664,16
58e79ac632bebb0001b741ec,Now,0.07382272,17
58ed2be2a083320001a13783,Now,0.000343879,13
58effc65c31d4d00015aa5b9,Now,0.031572387,16
58f10189738cac000116d3ab,Now,0.279563476,17
59296fb2e8a7ff000163f033,Now,0.191388866,17
592e85797b619d0001cb07e9,Now,0.468771492,8
59347d4f53490b0001563e47,Now,0.062800894,16
59417543c768a500011c9731,Now,0.33344796,7
5953d01e4d560700016462da,Now,0.000343879,4
595b93be7882150001240e21,Now,0.038778965,13
59658491b9153e0001617465,Now,0.250171939,11
597fe89a1b41a20001749f57,Now,0.160947632,14
5987c9f26ab9880001b5b04d,Now,0.218943432,10
5993020a5f49420001caf86b,Now,0.183551123,15
59977c8ba7b2400001523396,Now,0.428620554,14
599be3660ed7ae0001991db9,Now,0.687371045,12
599eaf0fbfd73c00010ea24e,Now,0.5,10
599ec7dc617ca80001fcd124,Now,0.233516735,15
59a1de0cec2f75000124eeaf,Now,0.000343879,16
59ad6f1e09709e00013c2ba5,Now,0.232327078,15
59c0782e5364260001dc4740,Now,0.000343879,13
59c6305e6a287600011c388d,Now,0.5,17
59dc458f77860e000151240e,Now,0.13661373,12
59e833e72f63d30001c8fb86,Now,0.211736853,13
5a03d20a7ecfc50001be0a7a,Now,0.115649138,13
5a04869ff2e3460001edad2e,Now,0.200206327,6
5a0d9553fe645f0001e9f852,Now,0.150240715,15
5a212dcc7b108200011e040c,Now,0.173301767,13
5a21b2e1e473b80001baaa09,Now,0.071723325,14
5a3bdd2c8d005a0001829f3e,Now,0.000343879,6
5a49d6a06d85f80001c25bc4,Now,0.250171939,2
5a4bf09053a4560001ba0ebf,Now,0.285861662,8
5a5c23afe0cf3d0001268781,Now,0.033654287,15
5a5d7a42acc75b00017a8193,Now,0.571379446,8
5a6f1ccade1f390001dbd8b7,Now,0.62491403,13
5a708ef2f1530b000103bfab,Now,0.343857462,10
5a78e410ae9a0b0001a97274,Now,0.5,6
5a7cb079aa46dd00016b5bfb,Now,0.5,8
5a8891155292b800012316a8,Now,0.58327602,7
5a91877e777df200015fa0f5,Now,0.000343879,16
5a9262251eda410001360b2c,Now,0.200206327,12
5a947fb0f05361000171b5a3,Now,0.37508597,16
5aa55cf8dbdb470001ef4cc5,Now,0.000343879,16
5aa637861eda41000136d5d2,Now,0.428620554,7
5aa806e7777df200016088c5,Now,0.524982806,10
5ab415206db3e700011bde54,Now,0.250171939,11
5ab8026547a9f7000153a324,Now,0.265786193,16
5ab84333f69e940001d8f0af,Now,0.083619899,10
5ac6cc039534ba0001c75642,Now,0.062800894,14
5ace650a436f550001004f87,Now,0.176693098,17
5ad9cc7ddfcfcb0001e667f3,Now,0.303706524,15
5aeda69f9457e00001054d76,Now,0.519217543,14
5aeeb4903c80f200013af2ed,Now,0.187714924,16
5b0fa626bd9c310001568d6c,Now,0.437542985,8
5b15307351caaf0001228d9b,Now,0.000343879,16
5b15de5cbd9c310001570400,Now,0.343857462,16
5b16ceb0bdf4e10001630f58,Now,0.328243208,16
5b197b8088ee7400012ae154,Now,0.038778965,14
5b25c819a7cee100011d9091,Now,0.297014701,16
5b26ed8a8ecf3f0001619040,Now,0.156486417,16
5b32c0ff975e260001e97d0e,Now,0.250171939,8
5b3e3a299a6a140001222ea1,Now,0.531228508,16
5b457ba9eb64c200015bbab1,Now,0.428620554,8
5b4d31673d01bd0001ec447e,Now,0.599931224,11
5b4d39f2d4c93b00019c8217,Now,0.37508597,12
5b5a822e1ad8270001c4f28d,Now,0.194654593,9
5b5c8d4e10aec90001ed4bee,Now,0.100275103,6
5b619b6c5256470001bcf992,Now,0.125257909,8
5b707a406f0ed10001bfb973,Now,0.115649138,14
5b76ce43bfc4cb0001f2c4c3,Now,0.294259244,17
5b76d0f5fca8d9000139404c,Now,0.000343879,2
5b7cbe9db630cf000125dffe,Now,0.071723325,15
5b954f10754b700001f06bf0,Now,0.275154746,10
5b97f70161c19e00018db4a8,Now,0.160947632,14
5b97f8988ae8150001c7a887,Now,0.522711642,11
5b9ec956c8a17f000171f7ad,Now,0.031572387,16
5b9efb73d1ff7a00013bfe84,Now,0.160947632,14
5bcb229aa8920a00013060fa,Now,0.250171939,16
5bcd295277740000016ab0a5,Now,0.250171939,10
5bd9f569eb22f2000183df4e,Now,0.421928731,16
5bd9fed6780d50000109c503,Now,0.281400447,9
5bdbf2d92562330001b8d056,Now,0.041981889,13
5bdc4d25a49c2800019e1c24,Now,0.321551385,9
5bddd64b48428800013061a6,Now,0.557652629,13
5bddf0f876219d00014b145e,Now,0.200206327,11
5be0a65507684000010cf0f9,Now,0.339396247,15
5be2e7e491deed00015adcb0,Now,0.250171939,15
5be781ca3b047e0001a39e47,Now,0.250171939,10
5beb8419aec9ef0001e9d5fb,Now,0.000343879,16
5bef87523d79ff0001275154,Now,0.000343879,13
5bf08e67d63d690001360a79,Now,0.125257909,11
5bf32090a155c300016f3c06,Now,0.04718664,16
5bf5ab78f35e0c000101b657,Now,0.5,8
5bf720e60b616400019c6c6c,Now,0.000343879,11
5bfd81fb2feab400014d9060,Now,0.250171939,17
5c0023fb2213be0001c2cdde,Now,0.431865074,14
5c003b5c2c8cc1000138e25f,Now,0.366758368,15
5c0150326a0c6e00013c6068,Now,0.281400447,16
5c03217b1a20110001e979f0,Now,0.187714924,4
5c05ff644c14cf00019db0a9,Now,0.720436524,17
5c0990b854deae0001ac693c,Now,0.437542985,16
5c0a696aa4e5fc0001759543,Now,0.477288358,13
5c0f1cf4f3027300014b606f,Now,0.321551385,15
5c101f812a1a620001f04007,Now,0.437542985,4
5c11f8202b16ba0001c8b764,Now,0.214482217,8
5c12521fbf739a0001cfeb03,Now,0.316792756,15
5c1bc0ab84ff14000184c2ce,Now,0.5,15
5c1c137b0739430001693cf5,Now,0.166895919,7
5c223d4a4a7e1f000137e5b9,Now,0.150240715,15
5c27f83289f035000174a168,Now,0.62491403,12
5c28113978fad50001932f58,Now,0.230954396,13
5c2cdb4e213a1a0001b9c475,Now,0.272883581,11
5c2d187569ceff00011417de,Now,0.250171939,5
5c2fcd716ea6880001dc8e3d,Now,0.269389483,14
5c3027ef69d7820001063974,Now,0.346259655,13
5c31847f10677f0001ddc781,Now,0.58327602,9
5c3282cd53d7b10001934577,Now,0.749828061,5
5c381b1ce4dbd30001fbc9c9,Now,0.388965306,10
5c39606586c1450001a9675d,Now,0.687371045,16
5c3a34eebe1ddc0001aa35d6,Now,0.325120358,11
5c3fb71b36052e00016bb1a6,Now,0.62491403,8
5c40e7d99d27f00001159a65,Now,0.272883581,11
5c43349027bb0d0001282427,Now,0.250171939,10
5c454961f5e3bc00014ed20b,Now,0.107413048,14
5c4684826a7dbc00017c0a87,Now,0.549965612,7
5c47d714a8703f0001b6e780,Now,0.576870172,13
5c4de8f726093e000134ee6e,Now,0.316792756,15
5c55fec09fcbc40001dc50b5,Now,0.015958133,16
5c5732a80a537a00019ea4eb,Now,0.088518489,17
5c57631a47a04100010da795,Now,0.472241327,9
5c57c06ed05b82000139682e,Now,0.172100671,16
5c586f5eee248f00016b7fe7,Now,0.386441791,11
5c58e01e6f4ec5000164c35a,Now,0.078415148,16
5c5aecc774a76f0001a25ced,Now,0.390700224,16
5c5deed04ee81200018ebb4a,Now,0.41672398,15
5c5fc78e96dff400013607a5,Now,0.071723325,7
5c6319a0b73d590001ae789d,Now,0.617566146,17
5c6a36214fbf270001311702,Now,0.294259244,17
5c6a3c721519ac0001668582,Now,0.812285076,5
5c6aecbad0fb370001731cac,Now,0.222413266,9
5c6b2f0d5b27b00001a3561f,Now,0.596087716,13
5c6d590ca190e0000103ec5f,Now,0.599931224,10
5c70852d7826350001565ce4,Now,0.000343879,10
5c71b63c4aa8ec0001f2bfc4,Now,0.386441791,12
5c720c7278263500015665f9,Now,0.133585511,16
5c742339e621f900163f4543,Now,0.000343879,15
5c7a94dc8fbcb100146b6dc7,Now,0.075292297,11
5c7cf8b58ca9000001b52f6e,Now,0.125257909,14
5c7dcd11f066ff001568e56a,Now,0.156486417,8
5c801cd6aaf2af0016478e6f,Now,0.480782457,14
5c804f4092ad770015846011,Now,0.433379184,15
5c82656bed1753001581fd1e,Now,0.07382272,17
5c82a8cdfff8430015e9942f,Now,0.125257909,6
5c82d0ac51b0e00015cbd2fc,Now,0.303706524,15
5c83f1ed20b39a001440b6b1,Now,0.176693098,17
5c8676deddda2d00012ad386,Now,0.403912284,14
5c871f91e769f8000178afc8,Now,0.000343879,5
5c8e1af5c6e10f00010d6212,Now,0.522711642,11
5c90094e71f3100016181ea9,Now,0.125257909,10
5c925b0fb138fe0014e4036b,Now,0.000343879,13
5c92870723bd7e001870138e,Now,0.312628955,9
5c92cda483617d0010bef1b8,Now,0.183551123,16
5c935d881754ba001b25697a,Now,0.281400447,9
5c9527e29e4f7400011e1571,Now,0.125257909,9
5c971acab18d000001e1afd7,Now,0.191388866,17
5c9a7872e2a8d00001585513,Now,0.428620554,14
5c9ebf067114700016da2813,Now,0.041981889,7
5ca272f5caf59c0001a942cb,Now,0.390700224,16
5cb52a1e33f33d0001249130,Now,0.066964695,16
5cb9bc10e50fe5001746c43b,Now,0.599931224,15
5cb9ca6814b3cb0017e4f7dd,Now,0.308955013,17
5cd062370081a60017789079,Now,0.100275103,12
5cd321750316ed0017c81bcd,Now,0.341018507,12
5cdcd4ca9f75db0001411660,Now,0.182037014,11
5cec2163d439ae0016596611,Now,0.031572387,9
5ceff2032de4e90015c822c4,Now,0.109643655,16
5cf21b7b2456d90001ee8e40,Now,0.599931224,6
5cf5134c8f8ff80019e76721,Now,0.031572387,16
5cf7bfff528ef50001e96f69,Now,0.464310277,15
5cfbdcec8483c6001930c1b1,Now,0.04718664,16
5cfc3d486e9951001a0cb8cd,Now,0.096431595,13
5cfdd7d53ca1bb00011030d4,Now,0.558783073,17
5cfea2427b91e70001423ffb,Now,0.200206327,13
5d003450f641130018828b8e,Now,0.343857462,16
5d045502bdeaa5000165e935,Now,0.453157239,16
5d0d16d991270800010b7dd7,Now,0.297014701,16
5d0e9d1bf403080016411381,Now,0.083619899,7
5d14cea059c33d0001f19bb3,Now,0.433379184,16
5d1618630b1f87001715eca7,Now,0.281400447,10
5d1beb9c9e033e0017a725dc,Now,0.250171939,12
5d1d3f10d5669200017b4e46,Now,0.454576716,12
5d204134abea8100173fa8a4,Now,0.000343879,16
5d254db8bb2e30001933fe36,Now,0.437542985,16
5d256c9b3eee7d001541a073,Now,0.341018507,11
5d264dc7e4a0cb001a3efea6,Now,0.468771492,16
5d2e56ae72b6780001c66698,Now,0.656142538,8
5d305152b2cfe00019231a2a,Now,0.54163801,12
5d30a193b2cfe00017231a93,Now,0.055861226,9
5d329756062745001921494a,Now,0.41672398,6
5d338bb02381b7001761694e,Now,0.206084635,17
5d344bd3b0f315001a122275,Now,0.107413048,14
5d378df21acda30001e7191e,Now,0.194654593,9
5d453e8723a5bb0001492546,Now,0.096431595,14
5d45c2d1da9cb60015aa4312,Now,0.083619899,15
5d461284d9b0690001720f6d,Now,0.031572387,9
5d4702f04f947a0001181420,Now,0.203329178,16
5d478068ff3efc001a89d7de,Now,0.849759285,16
5d47abcc2dc88900166f27c9,Now,0.33344796,15
5d4a41890e604c00011ade8b,Now,0.133585511,15
5d4b265b72db9d0015e8aac6,Now,0.312628955,4
5d4c7ac3e8ec490018b0050d,Now,0.649896836,5
5d4e24cdcc0b630001a2698d,Now,0.19251931,14
5d5067b25371ae00191f69c4,Now,0.444482653,9
5d54b73f1c1de70015d50959,Now,0.400068776,8
5d558ebe886e3f0020e90fce,Now,0.33344796,13
5d55d562e04e1c0001f5e682,Now,0.091190446,12
5d5c265773125e001af7f4cf,Now,0.062800894,16
5d5eeb06d8bcde00162d73f1,Now,0.350103164,12
5d5f07cdca10e90016bc0103,Now,0.172100671,16
5d5f31230fc94a001c632b69,Now,0.285861662,14
5d5fa32a0fc94a0001632ac7,Now,0.250171939,1
5d612ae16512d700159face7,Now,0.143102771,14
5d6141608a11df001a477fbe,Now,0.843513583,16
5d62935aacd67c0015b06e8d,Now,0.250171939,6
5d63179aa3b94d0001da4bb6,Now,0.089568186,15
5d6394518df2870001a74b42,Now,0.000343879,6
5d66ea7549716000187f26af,Now,0.250171939,11
5d6d6412f570e000184cf48b,Now,0.115649138,14
5d6edb6ada16690017c9b828,Now,0.214482217,8
5d6ef023cfe0a400198f911e,Now,0.269389483,14
5d73b97a40e4bc00019e1db8,Now,0.250171939,4
5d74001d391b6600175f433b,Now,0.023055521,13
5d76a776f6630c0018431c01,Now,0.077214051,13
5d78647e4dadc9001a3e34dd,Now,0.250171939,9
5d7af4ee784e52001b9b02da,Now,0.5,15
5d82be0cf45ead000150f026,Now,0.050309491,15
5d82d28977546f00166ae702,Now,0.062800894,16
5d83d2f1ae7a8b00017ec6a9,Now,0.191388866,17
5d847ac9be4b0b00188463d7,Now,0.111378573,10
5d849ee0a954540019f513dd,Now,0.041981889,8
5d88db42c1d06e001a1fdcab,Now,0.29180995,13
5d8927d21571f4001c8ce125,Now,0.33344796,10
5d8c46cc53b833001a4bf916,Now,0.044431184,17
5d8d12f6d88e3a00142c9751,Now,0.365477198,13
5d8fea94efcbb5001756364b,Now,0.154084224,14
5d9373b0e04970001ab482da,Now,0.000343879,7
5d93c9c410165c0015326102,Now,0.150240715,10
5d94794a521f890016f93604,Now,0.384694741,14
5d9a09095223b6001809f1c9,Now,0.050309491,11
5d9f8573ce3daf0015e3e400,Now,0.031572387,16
5daa18ed95be5f00133609e8,Now,0.071723325,8
5daa6f580d55870011370fd3,Now,0.325120358,10
5daab7a060ac5d0014235b89,Now,0.908809554,11
5dacf17a6f11e500163e3bc4,Now,0.297014701,16
5dae25fc2e361800135fbd02,Now,0.343857462,16
5db0a97f127d4000117cdfa0,Now,0.285861662,10
5db222231ff7b4000ab2cfc1,Now,0.699862448,15
5db3029ffa4efa000a145bde,Now,0.156486417,16
5db3b031efa9f6000cf02400,Now,0.699862448,5
5db6ff8c7f9e6b000dd24a19,Now,0.323650781,17
5dba287f9653e80734e335d7,Now,0.312628955,5
5dbaded2af6b8e0e8c3632ed,Now,0.000343879,16
5dc091fa9be08f03fb01a816,Now,0.125257909,14
5dc1c27fb3e5c212018d9e33,Now,0.178792494,8
5dc1cd625fd2031344dfe43d,Now,0.033654287,15
5dc1eb838a84461511b3cd73,Now,0.227460298,12
5dc4175e3317732e53467e8b,Now,0.515614254,16
5dc59aea37023940a0860dea,Now,0.109643655,16
5dc8d8b90a0b38630af7a0ba,Now,0.218943432,8
5dcaf5db575da17c63ebb51b,Now,0.109643655,16
5dcca657854936945d68eaa9,Now,0.000343879,12
5dce29700ad506063969a4a5,Now,0.000343879,14
5dcefcd0307b8d05031d7264,Now,0.206084635,17
5dcf0e94fce60605794da411,Now,0.272883581,11
5dcf402982569a08ddd84086,Now,0.176693098,17
5dcf7b49523df00ae9c4e07e,Now,0.272883581,11
5dd0c43acaee3e187643d32b,Now,0.66655204,15
5dd106ec7beb291ab1c63d0f,Now,0.172100671,16
5dd1964987c1fd2082c4d88e,Now,0.078415148,16
5dd1ab5dd3ac2a21600f87b8,Now,0.133585511,15
5dd2c9f2c925a82e5167ef8b,Now,0.000343879,16
5dd3e852b988873c617cd21a,Now,0.16199733,17
5dd3e9d93228863b9c89ad1a,Now,0.116930307,15
5dd5db1ded7ea4574c7bc996,Now,0.083619899,12
5ddaa1e583e309a04100bd57,Now,0.094029402,16
5ddae85b393bd3a44d7cbaaa,Now,0.234557686,16
5ddc516e82a527bc2397e6e1,Now,0.062800894,16
5dde8fba82f458000c8c7c75,Now,0.812285076,13
5de01c13c3a15e0a03332169,Now,0.050309491,15
5de1986c040f531f97eb6092,Now,0.04718664,16
5de481c2a49875052fcf6dee,Now,0.392930831,8
5de7f5d27c17f804d007da90,Now,0.632261914,17
5de82c263aa2777a36b996b2,Now,0.062800894,16
5de9ca36a484410fdd8a928b,Now,0.683207244,16
5de9ef512dc5c612021d3038,Now,0.055861226,10
5dea76e109c1071948aed0ff,Now,0.421928731,16
5dea8a8fcd6328000aeb1cf4,Now,0.264867708,17
5deb3c192235ad24f4a21826,Now,0.16199733,17
5debccb0389fde2b5e13fcea,Now,0.464310277,14
5dec1c522911273179e44dbe,Now,0.300137552,6
5decaac46e09cf3792805023,Now,0.203329178,16
5dee72917309b950e5262f3a,Now,0.634522802,13
5df162b6c76aa6080c4c7694,Now,0.250171939,5
5df58b28ecb3ea3ed1ceea37,Now,0.687371045,6
5df97abeabec5d6fcbbc764d,Now,0.446465416,15
5dfb693a73d72487b1fe495b,Now,0.222413266,9
5dfc64647adf4b971f329cbf,Now,0.656142538,16
5dfcfabe2b12bd9d55590694,Now,0.057996508,14
5e025e51a2c696de398fa46b,Now,0.450034388,15
5e04446a783225ee6e9ed929,Now,0.633241632,15
5e065bba5a342503b3f3e0bc,Now,0.37508597,6
5e0d416d13ec504cb9c43cbf,Now,0.365477198,14
5e0e32ee1d4607573dc85b1f,Now,0.312628955,16
5e0e66730db8925a55fffbd5,Now,0.111378573,9
5e121701dc79bd8a1a22ca99,Now,0.166895919,10
5e121b2b82a955890a9b3484,Now,0.5,10
5e1276f7e69d0a912635da16,Now,0.146076914,12
5e13d5a0398bb6a1517fab4c,Now,0.729009055,13
5e1414d158a5c7a5a1d99be3,Now,0.346259655,14
5e15e63a4f40fbbd907aff1e,Now,0.000343879,8
5e175705cfe8dc000b559793,Now,0.233516735,15
5e1797da928b15062260e30e,Now,0.250171939,10
5e1882adfd7db4158998b5f0,Now,0.146076914,13
5e19c8d1477f3b24e0ac5efa,Now,0.270990945,13
5e1a288a1859772a7ff2700a,Now,0.343857462,16
5e1b9d3d08b5ba3c86879d5b,Now,0.468771492,16
5e1c138a2bf9514062e4de6b,Now,0.250171939,17
5e1f938b06121f2be0d1ead4,Now,0.208533929,7
5e2039ccf0b71e34ef9c60a2,Now,0.353042317,17
5e2093a7e10aa2000c631268,Now,0.000343879,11
5e23646fd3ba5760bca7801c,Now,0.656142538,16
5e2784b2cf46ff9ab1191cc9,Now,0.5,8
5e27868c5cbbcc0b3599574b,Now,0.250171939,14
5e2861fb5c6297029148b635,Now,0.37508597,7
5e28e8730fd86a0a19e084cd,Now,0.000343879,15
5e29ada5d441690127fb5748,Now,0.172100671,16
5e2a425609072a0abb76094b,Now,0.312628955,16
5e2ac2aa0038f21089a533a4,Now,0.884350862,14
5e2b0d34a8dc8c000cc53114,Now,0.428620554,15
5e2e9c7388448746ab366b7f,Now,0.549965612,7
5e311dd7a390be11ebfc23c3,Now,0.159325372,11
5e35d4a59d323458753819d2,Now,0.37508597,6
5e37b3d7abde98738c0f1e7c,Now,0.531228508,16
5e3889c805856605d1838c21,Now,0.557652629,14
5e38e79295ff561112eae457,Now,0.166895919,12
5e39d872793a082024d9cf18,Now,0.031572387,16
5e3a7e26ca5cf328020dc4b6,Now,0.156486417,16
5e3adfc595ff562fbdd130fa,Now,0.395904975,13
5e3b9b820014e23ad71813c8,Now,0.574948418,11
5e3cba059e9d0b0b3663c90c,Now,0.327042112,13
5e3d679eaa341501c1a5a90b,Now,0.068478805,11
5e3d91a08dfa83000c9f4d36,Now,0.050309491,15
5e3dff6b8714b707b9a258b0,Now,0.182037014,12
5e40774a2ee93c2ae0ecad03,Now,0.250171939,11
5e416e22fb96eb000b3fe2a8,Now,0.01818874,15
5e41d817cfafb807ef94486a,Now,0.233516735,15
5e44399336d11f01939401eb,Now,0.140872163,16
5e46f51bc3298c1bf813a984,Now,0.406314477,16
5e4a1730c94447480594cea4,Now,0.285861662,14
5e4a59b502b78f4a232c0cff,Now,0.674879642,10
5e4af9e73485dd000c99724e,Now,0.5,15
5e4dd61e228f8723566e06d4,Now,0.100275103,6
5e500182080ac1000b1c7315,Now,0.450034388,15
5e51dfe3618c57215938d7b7,Now,0.000343879,10
5e52d0122f5f952f2a7b6b28,Now,0.363730149,12
5e531b2205acdb33c0f5f24c,Now,0.367738086,17
5e552a5e45774651f60e62b3,Now,0.250171939,9
5e5ab88a43f33029b119a48c,Now,0.206084635,17
5e5b0bcc7a584430eb8bea65,Now,0.520819005,12
5e5d641259df370779040d9e,Now,0.066964695,15
5e6027f12036113753519c82,Now,0.125257909,16
5e602d66bc402a381b35f74a,Now,0.350103164,8
5e606b1eaf84e83c728748d7,Now,0.441216927,17
5e614c386ee9b3017b83e4bc,Now,0.527758673,9
5e63e24eaf3bd51660031dbe,Now,0.150240715,15
5e649034feba20212bb729db,Now,0.325120358,10
5e65c211b45c6432d8227e4c,Now,0.107413048,8
5e667f3bc3f30a4050fc8f2f,Now,0.031572387,16
5e6690ca0ef3a301da87b4d9,Now,0.194654593,10
5e683c4d6ca0f9000d3f35fe,Now,0.312628955,12
5e6869e6fe7f431210ced3f1,Now,0.250171939,5
5e6989bc651f7d241449fccf,Now,0.558783073,17
5e69987e0873d600084bc920,Now,0.200206327,11
5e6d3b17a2b73d2f7aef3d04,Now,0.341018507,12
5e6da92a65f32b372cf0fbdc,Now,0.125257909,14
5e6ef5fbf14d264ae2ef3867,Now,0.139137246,10
5e6fd38fe95be7071b5196bf,Now,0.183551123,16
5e700bdb6319c15ed8726932,Now,0.094029402,16
5e770f11a9d3b527c662aa23,Now,0.000343879,16
5e78bf026d9a62443b9d5b74,Now,0.58327602,7
5e795b321feceb5164cd115d,Now,0.29180995,12
5e7c987c0d34ae2d8f9c7d8e,Now,0.437542985,8
5e7d031be805560ae6b93dba,Now,0.62491403,9
5e7daa886c123242e86c8138,Now,0.386441791,11
5e7f64a99b18e463f74b0c91,Now,0.479180995,13
5e80d8569d1bdf03449b0c2e,Now,0.275154746,10
5e815773285d3883ba2fbbcf,Now,0.000343879,8
5e820eb36551aa02fd72e1dc,Now,0.250171939,12
5e82cbf3469f74a0b6d0fd29,Now,0.383413572,15
5e83d36b6d7daf107aea7a7c,Now,0.386441791,12
5e8421d0df483e18852ff25e,Now,0.156486417,8
5e84253b26729e1847f16611,Now,0.300137552,10
5e84b8443f064006f1b5215c,Now,0.527758673,9
5e84cf62eabe5c081ea860c5,Now,0.300137552,6
5e8537fe23609011fe987ca7,Now,0.125257909,3
5e876872ca754f08ceb52e9e,Now,0.354266965,14
5e87e49bb69f7b469f03cc68,Now,0.234557686,16
5e89fdffad009e010e958ee7,Now,0.482155139,15
5e8b835818346405e2571585,Now,0.218943432,16
5e8be450affef10d24343a7f,Now,0.264867708,17
5e8d44819163b611f62d706c,Now,0.200206327,10
5e8fa34befd9542a66b02feb,Now,0.312628955,9
5e911cfaefd95445d5a6c890,Now,0.328243208,16
5e9128974d246b4532f248ff,Now,0.617566146,17
5e921c1b451807056a5e85bb,Now,0.125257909,14
5e935ec0ba38620009a3b0d8,Now,0.562457015,16
5e9420fb792513752fd18744,Now,0.225189133,11
5e9732d6bafec41daaf8fc30,Now,0.000343879,8
5e975c32ca82b62079dc8f7c,Now,0.658981493,12
5e975ea254955d0bfe9f7929,Now,0.234557686,16
5e9a567a22a6fa0ee4cf44f1,Now,0.41672398,12
5e9a600390f4ad0f0f200993,Now,0.250171939,8
5e9aa65a9d211b140b6919f7,Now,0.928276675,15
5e9b061b5eb4e3000a5ebc0b,Now,0.250171939,7
5e9b8957035d900898422c3c,Now,0.222413266,10
5e9ca054511e7a1c5c5640e5,Now,0.343857462,16
5e9f55237c0db50bb0a02621,Now,0.222413266,9
5e9fc65dee2ccf178f0e413f,Now,0.109643655,16
5ea08654ea87f206588b6b50,Now,0.265786193,16
5ea3b1b9fc11ed33dde53561,Now,0.000343879,16
5ea492e3b1b3620a6fee3b90,Now,0.425051582,11
5ea523b2a7782138712c7e1b,Now,0.785517783,14
5ea5d2b8d2bc3308f7af06d5,Now,0.350103164,15
5ea5dd6605b5170963934a65,Now,0.156486417,16
5ea70b0537c5170b90ece8ac,Now,0.044431184,17
5ea7434507a21c11406c58d6,Now,0.571379446,9
5ea77b0161f86b151f475c8f,Now,0.147301562,17
5ea8fe56a6d1a135a5a442cd,Now,0.038778965,15
5ea9024a58a5ae36f0416ed6,Now,0.116930307,15
5ea90a840928983752c88275,Now,0.208533929,12
5ea963dc8304320363c8398c,Now,0.111378573,12
5ea9704edf73440535b5e34d,Now,0.5,2
5ea997837d28170bc5125c56,Now,0.200206327,11
5ea9cc7058ebeb11a12e659c,Now,0.045767163,12
5eaa605c7c3cbc1f14421a94,Now,0.454576716,11
5eaa6339b2e5311e8e020396,Now,0.359471716,16
5eaad5dcc2e64603e5122442,Now,0.357241108,15
5eab89102e910016bb0b5414,Now,0.403912284,13
5eac2cc56665cc23af76e945,Now,0.45836199,12
5eac6f1aa8b3bb0dcfebeba9,Now,0.208533929,12
5eadc21b6d4da6467f9d0a6b,Now,0.233516735,15
5eaf02446c144d5e3a4d4562,Now,0.341018507,12
5eaf33928c0ee3626f0036e5,Now,0.187714924,4
5eb02a40b17a8c0868685d32,Now,0.133585511,15
5eb030b6e679c6080c9b2350,Now,0.109643655,16
5eb0deb2bd00da19c156f390,Now,0.341018507,12
5eb1bc2b9d57e52f90d13214,Now,0.000343879,14
5eb24b26f30ede1a6ae46c14,Now,0.437542985,4
5eb2d579ed24d507082b07a2,Now,0.206084635,17
5eb2f1a1ce5ba10ab2c0a042,Now,0.300137552,15
5eb33612d573b51326905f30,Now,0.227460298,12
5eb52896e034073a7b8aa981,Now,0.266827144,15
5eb635754bbde6534e62c05e,Now,0.091190446,12
5eb960c022781303ab1ca871,Now,0.485304232,17
5eba34aa6f816b16d72f49e1,Now,0.384694741,14
5ebc75d16a8f8f0c09ba480b,Now,0.29180995,10
5ebe057674d69c15b1642055,Now,0.400068776,12
5ec12ad1759b78000a4f9965,Now,0.484385746,16
5ec19dd52abb6a5ce5b9fe05,Now,0.426521159,17
5ec2f967fa87231315e8b60c,Now,0.33344796,16
5ec2feeb47c4471339d3b2ce,Now,0.5,17
5ec453f93ba6b432bdf01d58,Now,0.480782457,13
5ec46d59c1c5e016fafe11d6,Now,0.549965612,15
5ec5880e02a64c5b4102561f,Now,0.015039647,17
5ec5a64c306f255ec98d5cc1,Now,0.139137246,9
5ec5ba3e981556631c1a78ba,Now,0.270990945,12
5ec6c96f5b660e0f25ea094c,Now,0.549965612,6
5ec75df0d799ae1c11a8115c,Now,0.225189133,10
5ec771e68288e91bf1919096,Now,0.607069169,10
5ec7ec01fc75cf27b5dd16ee,Now,0.297014701,16
5ec81134ac7d6b2b9ac51453,Now,0.000343879,13
5eca36ad460a2b19ab37697b,Now,0.000343879,16
5eca8de81197051fa92b5a6a,Now,0.050309491,6
5ecaa9b289161d043d541b6c,Now,0.365477198,14
5ecacb83b7f79d242d455216,Now,0.182037014,12
5ecc6fb87c7c7646490f3cf8,Now,0.091190446,12
5ecd649985aa0b0c194928bb,Now,0.250171939,10
5ecffcc0d483170a794928e9,Now,0.765442314,16
5ed0091bd374190b9b04045d,Now,0.297014701,16
5ed062703c9248144a334cb4,Now,0.321551385,9
5ed081544e61f3163c036286,Now,0.250171939,12
5ed17af75957f60d040e3f34,Now,0.479180995,13
5ed1c05a74af59110a5aa82f,Now,0.444482653,9
5ed2109da3c8c204b76f6cd5,Now,0.117910025,17
5ed53833cb34a1098e5e2bce,Now,0.204748656,11
5ed57ec8141d24118731f1bc,Now,0.468771492,9
5ed8c264d134c803a2670e4c,Now,0.196637355,15
5eda5c5faf7c7f08a2f68cb7,Now,0.687371045,12
5edad5d3b940fe72e6c321ac,Now,0.000343879,16
5edaf0abba14031b7899eb3f,Now,0.062800894,16
5edbf245e31b590a6e572482,Now,0.383413572,15
5edc195a95d5090e1c3f91b2,Now,0.156486417,16
5edc3b7a96a72790ae256a1d,Now,0.903568405,14
5edd13e3858a15a07241964b,Now,0.019561422,14
5eddaaaeb2a4d6ab5be32a02,Now,0.200206327,10
5ede432f75bfd1073c1501d8,Now,0.318306865,12
5ede8a971588b310e81f852f,Now,0.316792756,15
5edeb3b209233c154f4d552a,Now,0.000343879,16
5edfb0770fb0722aa3839b6d,Now,0.250171939,8
5ee09c1a0c2ad1027f541f53,Now,0.305689286,9
5ee0f5feec87fc0bc5eabdd7,Now,0.187714924,16
5ee100c8ac33db0e30697284,Now,0.187714924,5
5ee1327109ae2e4f8e01bd60,Now,0.100275103,11
5ee150a384b8a1164fef6273,Now,0.187714924,14
5ee232f2b970662cfa352567,Now,0.268016801,15
5ee2b44f470fa7446a470c8d,Now,0.233516735,15
5ee2c239f4ec4b804a79cf80,Now,0.343857462,16
5ee3a34e16ad19048aef74f6,Now,0.175223521,10
5ee3c01c7247c006e9a3f4fd,Now,0.000343879,16
5ee644b8a00c6d0621d20793,Now,0.350103164,10
5ee64e85c682de3a880579c6,Now,0.094029402,9
5ee6706034f12e3d82d952aa,Now,0.318306865,11
5ee8fdbb6b0e1325a483f9fa,Now,0.578071269,16
5ee9b0eb623285360eda1910,Now,0.599931224,15
5eea5252da0cfc115e24e69b,Now,0.5,10
5eea591930ca5f0ddaa75a7f,Now,0.535689723,14
5eeab761609f0d1df85d61bf,Now,0.327042112,13
5eee3a583a975d29fd3e6f38,Now,0.5,13
5eefa601e2550709b46a3dff,Now,0.363730149,13
5ef05a7425018a31e8bb3c68,Now,0.250171939,15
5ef165863c30cb15b9c83613,Now,0.555517347,10
5ef1980b60a4447bc1a5408c,Now,0.357241108,14
5ef428a45311db1c83d82b34,Now,0.479180995,12
5efba90ef81cbe13a3d7df40,Now,0.353042317,17
5f034b403ad29e529145f174,Now,0.187714924,13
5f0963c6310eaf000b922e94,Now,0.297014701,16
5f0dec5bb2612205fe864ab6,Now,0.533310408,15
5f109c350780b10d05983394,Now,0.363730149,12
5f16f559325a640008bb9a07,Now,0.308955013,17
5f1703a31ea06d025b729ad9,Now,0.599931224,15
5f1a30f8e8cd9a11b2832182,Now,0.479180995,12
5f2502c10858c4143fafa023,Now,0.604095025,13
5f26a21c70a6d23f6032b1ea,Now,0.538435086,14
5f2853a8e736e613955f73bf,Now,0.633241632,15
5f29aacd4eeb0b10914d3dc5,Now,0.053878463,14
5f2a12f5837dd81e5881b7cc,Now,0.000343879,7
5f2a13417b4ac51dc95d38c1,Now,0.156486417,16
5f3557097104764efaee9bbe,Now,0.359471716,16
5f3ac1732efa0a74f975b1a8,Now,0.038778965,13
5f3b4854ac7ac783ce22070e,Now,0.308955013,17
5f3ed5c238cf461818f961b0,Now,0.363730149,11
5f469dcf5fcb5d0355771013,Now,0.58327602,3
5f4813c94e8b081877fb26a6,Now,0.303706524,14
5f482b0da1cde52de45f174c,Now,0.305689286,9
5f48348c7dfbf12d50c6a7ec,Now,0.5,7
5f49f3262a3d07563d14a7f1,Now,0.574948418,11
5f4a7a00dc1bde60ab8f7ac5,Now,0.159325372,12
5f4c4b277200c9868db9d43f,Now,0.281400447,16
5f4c4dd50a92c286c1972f06,Now,0.04718664,16
5f4c5105ad5ee685d48bcca2,Now,0.33344796,12
5f4d1371c20934977e621ac3,Now,0.361206633,9
5f4ee7ff2c5da213f015a27e,Now,0.54163801,7
5f500418133110165a1539a9,Now,0.071723325,8
5f50468c0868af1baaec306c,Now,0.307824569,13
5f50732850c7c600098593df,Now,0.5,9
5f52e45ad408d55fa156aa21,Now,0.029735415,17
5f5834134283933a1c3b42d0,Now,0.766483265,15
5f59dc445d3541000c150f40,Now,0.173301767,13
5f5d48f1c6768e5bcae08170,Now,0.409153433,12
5f5d967f60d7fa5fdca4cc4f,Now,0.354266965,13
5f5f039252a9217cad40cc18,Now,0.464310277,9
5f5feca329bdfb0cfc2a8928,Now,0.367738086,17
5f6c102b6ec04317fc9a8127,Now,0.535689723,7
5f6e36c7f042f033d0f97bc1,Now,0.01818874,15
5f723cf881f5c0159cfa6da1,Now,0.791466071,8
5f7392562b5e060e795d20db,Now,0.359471716,16
5f773334d74b082186824cac,Now,0.640528284,16
5f7d3ace29e51d20f794994a,Now,0.480782457,14
5f94a8e7fa8c422fc88940b0,Now,0.000343879,16
5f9803e732d857040c277dd9,Now,0.722069387,11
5f9c3ecd9a95b50a57842e5c,Now,0.134866681,15
5fa322092858085f30d5b011,Now,0.000343879,16
A10MSB9X1UFLJ5,Now,0.050309491,10
A11TPUPFP2S4MK,Now,0.088518489,17
A12FTSX85NQ8N9,Now,0.000343879,15
A13FUEPWBCLBUY,Now,0.015039647,17
A15VCKELIEEPJN,Now,0.264867708,17
A16G6PPH1INQL8,Now,0.187714924,12
A18VIO909RWY6D,Now,0.232327078,14
A1BNYBF79IQ89T,Now,0.312628955,16
A1DMXEJGJY02E1,Now,0.218943432,8
A1DZMZTXWOM9MR,Now,0.01818874,14
A1EUBMQ86K32XE,Now,0.366758368,15
A1F9KLZGHE9DTA,Now,0.41672398,12
A1JJYY622DGE5L,Now,0.821207506,14
A1L3937MY09J3I,Now,0.200206327,10
A1NZFJHVJ9CNTO,Now,0.250171939,16
A1P2RQ166VS5BT,Now,0.366758368,15
A1RV2LERVS0A4H,Now,0.083619899,3
A1TLNLB9D87H6,Now,0.13661373,11
A1V1JNPU0KOA3X,Now,0.125257909,7
A1VR1XQEQQXYUE,Now,0.044431184,17
A1ZT30BGR3266K,Now,0.200206327,10
A2196WCNDZULFS,Now,0.000343879,3
A222R4PNCF08OF,Now,0.265786193,16
A22ABLVEI5EGPL,Now,0.125257909,6
A2615YW1YERQBO,Now,0.062800894,12
A2DWPP1KKAY0HG,Now,0.218943432,16
A2FGKKWP33DFWS,Now,0.16199733,17
A2FL477TMKC91L,Now,0.055861226,9
A2MHY064OSYIBI,Now,0.235476171,17
A2MUCL20GTQJA0,Now,0.107413048,7
A2NO3OTBZYY43Z,Now,0.000343879,17
A2OO4PG3LBLP5I,Now,0.409153433,11
A2OVX9UW5WANQE,Now,0.5,14
A2S64AUN7JI7ZS,Now,0.208533929,12
A2TLN8489YGY81,Now,0.133585511,15
A2V27A9GZA1NR2,Now,0.000343879,15
A2VLTSW6CXIUMR,Now,0.166895919,11
A2XQ3CFB5HT2ZQ,Now,0.327042112,13
A2Y0WNHMT4PZ4C,Now,0.077214051,13
A2YGOORS5N9RW8,Now,0.000343879,6
A30RAYNDOWQ61S,Now,0.050309491,15
A30UE6DWFNUCWX,Now,0.366758368,16
A3180VXVP8MOIH,Now,0.250171939,10
A3388HIWAKD3DV,Now,0.558783073,17
A34SIGOLUGKIHJ,Now,0.250171939,16
A37JSOJH9695SM,Now,0.328243208,16
A37OUZOGQKGMW0,Now,0.094029402,9
A38I0E8UK53ME5,Now,0.444482653,9
A3D2U4QF7821ZW,Now,0.400068776,10
A3F51C49T9A34D,Now,0.000343879,13
A3FAF93BMDJLAL,Now,0.000343879,17
A3FGT6EU39C6S4,Now,0.116930307,15
A3I40B0FATY8VH,Now,0.37508597,8
A3KF6O09H04SP7,Now,0.269389483,13
A3O0QZQ4V2IXT7,Now,0.000343879,13
A3O0ZQMDKOKAMR,Now,0.328243208,16
A3P5WIW36V70AI,Now,0.059126952,17
A3QEVFM3UD67BA,Now,0.250171939,16
A3R5OJR60C6004,Now,0.100275103,15
A3UPZ88FI1EJC,Now,0.649896836,10
A3URLNXHLP4ARU,Now,0.206084635,17
A5BMKZRGHNSRT,Now,0.593685523,8
A98E8M4QLI9RS,Now,0.325120358,12
AA4O2W236E3FW,Now,0.083619899,15
ADZHJZ078THWQ,Now,0.07382272,17
AEWGY34WUIA32,Now,0.178792494,7
AGWWUXDX6CI38,Now,0.367738086,17
AIEKCWYZTS41V,Now,0.000343879,15
AIHHRINW9IN1I,Now,0.000343879,14
AMELYCC59JKB0,Now,0.200206327,15
AMV1E7FFPVAW4,Now,0.166895919,12
APGX2WZ59OWDN,Now,0.37508597,9
AW5O1RK3W60FC,Now,0.527758673,9
AXMPSUNKUBEIL,Now,0.107413048,14
AZNIEFUIVB2H0,Now,0.050309491,15
546f8a9cfdf99b4a593414ea,Prev,0.015958133,16
5484fd09fdf99b38dfb9645c,Prev,0.116930307,15
5490c822fdf99b71ba910e1a,Prev,0.100275103,6
54af2a48fdf99b09c01b3801,Prev,0.250171939,16
550bb70bfdf99b6853dab45e,Prev,0.143102771,14
557d84c8fdf99b4d577438df,Prev,0.294259244,17
5588d358fdf99b304ee5674f,Prev,0.425051582,12
558acd52fdf99b65685f03d9,Prev,0.000343879,2
5591cd21fdf99b63126f6c60,Prev,0.363730149,12
559d9916fdf99b1e2b2dc6b8,Prev,0.071723325,8
559ef308fdf99b2616ff2a4f,Prev,0.305689286,9
559fa17cfdf99b69c369d364,Prev,0.187714924,16
55b237e6fdf99b19ea79d2f7,Prev,0.450034388,15
55b9a9b0fdf99b6906d2aba4,Prev,0.055861226,10
55be9292fdf99b4c861994d8,Prev,0.321551385,8
55cd909c34e906000a8d1e1e,Prev,0.208533929,6
55ddb84550a1f7000b90d65a,Prev,0.062800894,16
55ef4896b9401300137f40ac,Prev,0.441216927,17
55f63fc432af740012171ef6,Prev,0.147301562,17
56259489ed6e5a0005c80fde,Prev,0.041981889,7
5687d85e369319000c269c55,Prev,0.172100671,16
56d0f57421cd29000a9737e4,Prev,0.178792494,15
56e130548b1c33000a388671,Prev,0.400068776,11
56e1bbcb6ce054000b3ffcb8,Prev,0.406314477,16
56e6a66af6ed900006a5867c,Prev,0.549965612,15
56ec151f388e1d000a5924d0,Prev,0.472241327,10
56f0393f3f71990005d0e66d,Prev,0.044431184,17
56f9364e895094000c8f4967,Prev,0.04718664,16
56fa002e8425ef000b3a4276,Prev,0.033654287,15
56fdff4ee0f9ff000f19c466,Prev,0.125257909,6
570521cfde5095001018a0c8,Prev,0.033654287,15
576017836442fa0006cfb7cd,Prev,0.000343879,6
5761c23632676f0007eb36b3,Prev,0.250171939,2
57656f6c2bfddf000125cce5,Prev,0.338346549,17
578673a9275be6000135880e,Prev,0.200206327,5
57a761c22fc0d400012c9656,Prev,0.687371045,16
57b60487e5b60d0001083aea,Prev,0.5,7
57b9bafdfc23450001acc1ac,Prev,0.403912284,14
57bb6878eb28030001f7ea94,Prev,0.749828061,13
57bca845e2101600015e8e88,Prev,0.021162884,13
57d6dd8d6598aa000199188b,Prev,0.477288358,12
57dd766bbcd7150001ded5de,Prev,0.266827144,15
57e7bb4e73e67300012b8e2a,Prev,0.154084224,13
5800e50de3536e00012840f4,Prev,0.045767163,11
58066bf52d948b00014ba876,Prev,0.431865074,11
5825ecee95f3030001cf889a,Prev,0.264867708,17
5831f08ebfb3b400015a6ad4,Prev,0.359471716,16
583b397f54686200010f1d20,Prev,0.083619899,7
583f12f545073d0001fac52d,Prev,0.58327602,6
58474a9c89af6500017f4cd6,Prev,0.308955013,17
58742bf5d53c97000159df8c,Prev,0.464310277,15
589a46af57995d0001a8a03a,Prev,0.125257909,16
58a43e029a17120001d910d5,Prev,0.437542985,8
58a63a64ea3d11000170e1cc,Prev,0.146076914,12
58ac890076c5b70001662993,Prev,0.000343879,16
58dc1373463f960001ba45b3,Prev,0.000343879,16
58e79ac632bebb0001b741ec,Prev,0.58817461,17
58ed2be2a083320001a13783,Prev,0.096431595,13
58effc65c31d4d00015aa5b9,Prev,0.125257909,16
58f10189738cac000116d3ab,Prev,0.573478841,17
59296fb2e8a7ff000163f033,Prev,0.250171939,17
592e85797b619d0001cb07e9,Prev,0.406314477,8
59347d4f53490b0001563e47,Prev,0.062800894,16
59417543c768a500011c9731,Prev,0.37508597,7
5953d01e4d560700016462da,Prev,0.000343879,4
595b93be7882150001240e21,Prev,0.288607026,13
59658491b9153e0001617465,Prev,0.363730149,11
597fe89a1b41a20001749f57,Prev,0.321551385,14
5987c9f26ab9880001b5b04d,Prev,0.218943432,10
5993020a5f49420001caf86b,Prev,0.33344796,15
59977c8ba7b2400001523396,Prev,0.464310277,14
599be3660ed7ae0001991db9,Prev,0.395904975,12
599eaf0fbfd73c00010ea24e,Prev,0.444482653,10
599ec7dc617ca80001fcd124,Prev,0.316792756,15
59a1de0cec2f75000124eeaf,Prev,0.094029402,16
59ad6f1e09709e00013c2ba5,Prev,0.285861662,15
59c0782e5364260001dc4740,Prev,0.077214051,13
59c6305e6a287600011c388d,Prev,0.470608463,17
59dc458f77860e000151240e,Prev,0.023055521,12
59e833e72f63d30001c8fb86,Prev,0.269389483,13
5a03d20a7ecfc50001be0a7a,Prev,0.327042112,13
5a04869ff2e3460001edad2e,Prev,0.250171939,6
5a0d9553fe645f0001e9f852,Prev,0.083619899,15
5a212dcc7b108200011e040c,Prev,0.327042112,13
5a21b2e1e473b80001baaa09,Prev,0.178792494,14
5a3bdd2c8d005a0001829f3e,Prev,0.000343879,6
5a49d6a06d85f80001c25bc4,Prev,0.250171939,2
5a4bf09053a4560001ba0ebf,Prev,0.392930831,8
5a5c23afe0cf3d0001268781,Prev,0.100275103,15
5a5d7a42acc75b00017a8193,Prev,0.5,8
5a6f1ccade1f390001dbd8b7,Prev,0.70819005,13
5a708ef2f1530b000103bfab,Prev,0.37508597,10
5a78e410ae9a0b0001a97274,Prev,0.5,6
5a7cb079aa46dd00016b5bfb,Prev,0.781056568,8
5a8891155292b800012316a8,Prev,0.29180995,7
5a91877e777df200015fa0f5,Prev,0.031572387,16
5a9262251eda410001360b2c,Prev,0.425051582,12
5a947fb0f05361000171b5a3,Prev,0.562457015,16
5aa55cf8dbdb470001ef4cc5,Prev,0.200206327,16
5aa637861eda41000136d5d2,Prev,0.428620554,7
5aa806e7777df200016088c5,Prev,0.400068776,10
5ab415206db3e700011bde54,Prev,0.475017194,11
5ab8026547a9f7000153a324,Prev,0.125257909,16
5ab84333f69e940001d8f0af,Prev,0.139137246,10
5ac6cc039534ba0001c75642,Prev,0.146076914,14
5ace650a436f550001004f87,Prev,0.323650781,17
5ad9cc7ddfcfcb0001e667f3,Prev,0.089568186,15
5aeda69f9457e00001054d76,Prev,0.672957888,14
5aeeb4903c80f200013af2ed,Prev,0.015958133,16
5b0fa626bd9c310001568d6c,Prev,0.406314477,8
5b15307351caaf0001228d9b,Prev,0.078415148,16
5b15de5cbd9c310001570400,Prev,0.328243208,16
5b16ceb0bdf4e10001630f58,Prev,0.203329178,16
5b197b8088ee7400012ae154,Prev,0.538435086,14
5b25c819a7cee100011d9091,Prev,0.297014701,16
5b26ed8a8ecf3f0001619040,Prev,0.390700224,16
5b32c0ff975e260001e97d0e,Prev,0.321551385,8
5b3e3a299a6a140001222ea1,Prev,0.515614254,16
5b457ba9eb64c200015bbab1,Prev,0.607069169,8
5b4d31673d01bd0001ec447e,Prev,0.724845254,11
5b4d39f2d4c93b00019c8217,Prev,0.41672398,12
5b5a822e1ad8270001c4f28d,Prev,0.222413266,9
5b5c8d4e10aec90001ed4bee,Prev,0.100275103,6
5b619b6c5256470001bcf992,Prev,0.156486417,8
5b707a406f0ed10001bfb973,Prev,0.019561422,14
5b76ce43bfc4cb0001f2c4c3,Prev,0.279563476,17
5b76d0f5fca8d9000139404c,Prev,0.000343879,2
5b7cbe9db630cf000125dffe,Prev,0.071723325,15
5b954f10754b700001f06bf0,Prev,0.425051582,10
5b97f70161c19e00018db4a8,Prev,0.321551385,14
5b97f8988ae8150001c7a887,Prev,0.363730149,11
5b9ec956c8a17f000171f7ad,Prev,0.062800894,16
5b9efb73d1ff7a00013bfe84,Prev,0.37508597,14
5bcb229aa8920a00013060fa,Prev,0.516655204,16
5bcd295277740000016ab0a5,Prev,0.555517347,10
5bd9f569eb22f2000183df4e,Prev,0.546842761,16
5bd9fed6780d50000109c503,Prev,0.312628955,9
5bdbf2d92562330001b8d056,Prev,0.187714924,13
5bdc4d25a49c2800019e1c24,Prev,0.5,9
5bddd64b48428800013061a6,Prev,0.692175431,13
5bddf0f876219d00014b145e,Prev,0.549965612,11
5be0a65507684000010cf0f9,Prev,0.678448615,15
5be2e7e491deed00015adcb0,Prev,0.100275103,15
5be781ca3b047e0001a39e47,Prev,0.325120358,10
5beb8419aec9ef0001e9d5fb,Prev,0.000343879,16
5bef87523d79ff0001275154,Prev,0.125257909,13
5bf08e67d63d690001360a79,Prev,0.175223521,11
5bf32090a155c300016f3c06,Prev,0.078415148,16
5bf5ab78f35e0c000101b657,Prev,0.649896836,8
5bf720e60b616400019c6c6c,Prev,0.000343879,11
5bfd81fb2feab400014d9060,Prev,0.029735415,17
5c0023fb2213be0001c2cdde,Prev,0.341018507,14
5c003b5c2c8cc1000138e25f,Prev,0.566620816,15
5c0150326a0c6e00013c6068,Prev,0.281400447,16
5c03217b1a20110001e979f0,Prev,0.437542985,4
5c05ff644c14cf00019db0a9,Prev,0.646957683,17
5c0990b854deae0001ac693c,Prev,0.702985299,16
5c0a696aa4e5fc0001759543,Prev,0.227460298,13
5c0f1cf4f3027300014b606f,Prev,0.428620554,15
5c101f812a1a620001f04007,Prev,0.250171939,4
5c11f8202b16ba0001c8b764,Prev,0.036033602,8
5c12521fbf739a0001cfeb03,Prev,0.216861531,15
5c1bc0ab84ff14000184c2ce,Prev,0.285861662,15
5c1c137b0739430001693cf5,Prev,0.45836199,7
5c223d4a4a7e1f000137e5b9,Prev,0.000343879,15
5c27f83289f035000174a168,Prev,0.749828061,12
5c28113978fad50001932f58,Prev,0.173301767,13
5c2cdb4e213a1a0001b9c475,Prev,0.204748656,11
5c2d187569ceff00011417de,Prev,0.562457015,5
5c2fcd716ea6880001dc8e3d,Prev,0.288607026,14
5c3027ef69d7820001063974,Prev,0.269389483,13
5c31847f10677f0001ddc781,Prev,0.472241327,9
5c3282cd53d7b10001934577,Prev,0.5,5
5c381b1ce4dbd30001fbc9c9,Prev,0.305689286,10
5c39606586c1450001a9675d,Prev,0.812285076,16
5c3a34eebe1ddc0001aa35d6,Prev,0.225189133,11
5c3fb71b36052e00016bb1a6,Prev,0.312628955,8
5c40e7d99d27f00001159a65,Prev,0.318306865,11
5c43349027bb0d0001282427,Prev,0.472241327,10
5c454961f5e3bc00014ed20b,Prev,0.250171939,14
5c4684826a7dbc00017c0a87,Prev,0.350103164,7
5c47d714a8703f0001b6e780,Prev,0.288607026,13
5c4de8f726093e000134ee6e,Prev,0.166895919,15
5c55fec09fcbc40001dc50b5,Prev,0.015958133,16
5c5732a80a537a00019ea4eb,Prev,0.117910025,17
5c57631a47a04100010da795,Prev,0.527758673,9
5c57c06ed05b82000139682e,Prev,0.312628955,16
5c586f5eee248f00016b7fe7,Prev,0.568134926,11
5c58e01e6f4ec5000164c35a,Prev,0.000343879,16
5c5aecc774a76f0001a25ced,Prev,0.297014701,16
5c5deed04ee81200018ebb4a,Prev,0.350103164,15
5c5fc78e96dff400013607a5,Prev,0.071723325,7
5c6319a0b73d590001ae789d,Prev,0.558783073,17
5c6a36214fbf270001311702,Prev,0.367738086,17
5c6a3c721519ac0001668582,Prev,0.749828061,5
5c6aecbad0fb370001731cac,Prev,0.222413266,9
5c6b2f0d5b27b00001a3561f,Prev,0.653740345,13
5c6d590ca190e0000103ec5f,Prev,0.699862448,10
5c70852d7826350001565ce4,Prev,0.000343879,10
5c71b63c4aa8ec0001f2bfc4,Prev,0.409153433,12
5c720c7278263500015665f9,Prev,0.200206327,16
5c742339e621f900163f4543,Prev,0.116930307,15
5c7a94dc8fbcb100146b6dc7,Prev,0.250171939,11
5c7cf8b58ca9000001b52f6e,Prev,0.553534584,14
5c7dcd11f066ff001568e56a,Prev,0.343857462,8
5c801cd6aaf2af0016478e6f,Prev,0.442347371,14
5c804f4092ad770015846011,Prev,0.649896836,15
5c82656bed1753001581fd1e,Prev,0.279563476,17
5c82a8cdfff8430015e9942f,Prev,0.125257909,6
5c82d0ac51b0e00015cbd2fc,Prev,0.268016801,15
5c83f1ed20b39a001440b6b1,Prev,0.220780403,17
5c8676deddda2d00012ad386,Prev,0.19251931,14
5c871f91e769f8000178afc8,Prev,0.250171939,5
5c8e1af5c6e10f00010d6212,Prev,0.817962986,11
5c90094e71f3100016181ea9,Prev,0.524982806,10
5c925b0fb138fe0014e4036b,Prev,0.000343879,13
5c92870723bd7e001870138e,Prev,0.250171939,9
5c92cda483617d0010bef1b8,Prev,0.483344796,16
5c935d881754ba001b25697a,Prev,0.406314477,9
5c9527e29e4f7400011e1571,Prev,0.437542985,9
5c971acab18d000001e1afd7,Prev,0.294259244,17
5c9a7872e2a8d00001585513,Prev,0.303706524,14
5c9ebf067114700016da2813,Prev,0.083619899,7
5ca272f5caf59c0001a942cb,Prev,0.390700224,16
5cb52a1e33f33d0001249130,Prev,0.116930307,16
5cb9bc10e50fe5001746c43b,Prev,0.400068776,15
5cb9ca6814b3cb0017e4f7dd,Prev,0.602870378,17
5cd062370081a60017789079,Prev,0.275154746,12
5cd321750316ed0017c81bcd,Prev,0.795251344,12
5cdcd4ca9f75db0001411660,Prev,0.250171939,11
5cec2163d439ae0016596611,Prev,0.187714924,9
5ceff2032de4e90015c822c4,Prev,0.297014701,16
5cf21b7b2456d90001ee8e40,Prev,0.549965612,6
5cf5134c8f8ff80019e76721,Prev,0.140872163,16
5cf7bfff528ef50001e96f69,Prev,0.357241108,15
5cfbdcec8483c6001930c1b1,Prev,0.015958133,16
5cfc3d486e9951001a0cb8cd,Prev,0.038778965,13
5cfdd7d53ca1bb00011030d4,Prev,0.41182539,17
5cfea2427b91e70001423ffb,Prev,0.275154746,13
5d003450f641130018828b8e,Prev,0.937199106,16
5d045502bdeaa5000165e935,Prev,0.390700224,16
5d0d16d991270800010b7dd7,Prev,0.109643655,16
5d0e9d1bf403080016411381,Prev,0.166895919,7
5d14cea059c33d0001f19bb3,Prev,0.200206327,16
5d1618630b1f87001715eca7,Prev,0.593685523,10
5d1beb9c9e033e0017a725dc,Prev,0.229352934,12
5d1d3f10d5669200017b4e46,Prev,0.545423284,12
5d204134abea8100173fa8a4,Prev,0.109643655,16
5d254db8bb2e30001933fe36,Prev,0.312628955,16
5d256c9b3eee7d001541a073,Prev,0.318306865,11
5d264dc7e4a0cb001a3efea6,Prev,0.62491403,16
5d2e56ae72b6780001c66698,Prev,0.656142538,8
5d305152b2cfe00019231a2a,Prev,0.41672398,12
5d30a193b2cfe00017231a93,Prev,0.250171939,9
5d329756062745001921494a,Prev,0.62491403,6
5d338bb02381b7001761694e,Prev,0.323650781,17
5d344bd3b0f315001a122275,Prev,0.178792494,14
5d378df21acda30001e7191e,Prev,0.444482653,9
5d453e8723a5bb0001492546,Prev,0.19251931,14
5d45c2d1da9cb60015aa4312,Prev,0.300137552,15
5d461284d9b0690001720f6d,Prev,0.094029402,9
5d4702f04f947a0001181420,Prev,0.328243208,16
5d478068ff3efc001a89d7de,Prev,0.533310408,16
5d47abcc2dc88900166f27c9,Prev,0.450034388,15
5d4a41890e604c00011ade8b,Prev,0.150240715,15
5d4b265b72db9d0015e8aac6,Prev,0.250171939,4
5d4c7ac3e8ec490018b0050d,Prev,0.899724897,5
5d4e24cdcc0b630001a2698d,Prev,0.423129828,14
5d5067b25371ae00191f69c4,Prev,0.58327602,9
5d54b73f1c1de70015d50959,Prev,0.450034388,8
5d558ebe886e3f0020e90fce,Prev,0.250171939,13
5d55d562e04e1c0001f5e682,Prev,0.182037014,12
5d5c265773125e001af7f4cf,Prev,0.297014701,16
5d5eeb06d8bcde00162d73f1,Prev,0.62491403,12
5d5f07cdca10e90016bc0103,Prev,0.140872163,16
5d5f31230fc94a001c632b69,Prev,0.214482217,14
5d5fa32a0fc94a0001632ac7,Prev,0.5,1
5d612ae16512d700159face7,Prev,0.089568186,14
5d6141608a11df001a477fbe,Prev,0.031572387,16
5d62935aacd67c0015b06e8d,Prev,0.250171939,6
5d63179aa3b94d0001da4bb6,Prev,0.143102771,15
5d6394518df2870001a74b42,Prev,0.150240715,6
5d66ea7549716000187f26af,Prev,0.13661373,11
5d6d6412f570e000184cf48b,Prev,0.134866681,14
5d6edb6ada16690017c9b828,Prev,0.428620554,8
5d6ef023cfe0a400198f911e,Prev,0.327042112,14
5d73b97a40e4bc00019e1db8,Prev,0.250171939,4
5d74001d391b6600175f433b,Prev,0.272883581,13
5d76a776f6630c0018431c01,Prev,0.442347371,13
5d78647e4dadc9001a3e34dd,Prev,0.70819005,9
5d7af4ee784e52001b9b02da,Prev,0.660603753,15
5d82be0cf45ead000150f026,Prev,0.100275103,15
5d82d28977546f00166ae702,Prev,0.062800894,16
5d83d2f1ae7a8b00017ec6a9,Prev,0.382433854,17
5d847ac9be4b0b00188463d7,Prev,0.055861226,10
5d849ee0a954540019f513dd,Prev,0.29180995,8
5d88db42c1d06e001a1fdcab,Prev,0.33344796,13
5d8927d21571f4001c8ce125,Prev,0.361206633,10
5d8c46cc53b833001a4bf916,Prev,0.07382272,17
5d8d12f6d88e3a00142c9751,Prev,0.749828061,13
5d8fea94efcbb5001756364b,Prev,0.327042112,14
5d9373b0e04970001ab482da,Prev,0.350103164,7
5d93c9c410165c0015326102,Prev,0.350103164,10
5d94794a521f890016f93604,Prev,0.615305259,14
5d9a09095223b6001809f1c9,Prev,0.200206327,11
5d9f8573ce3daf0015e3e400,Prev,0.062800894,16
5daa18ed95be5f00133609e8,Prev,0.143102771,8
5daa6f580d55870011370fd3,Prev,0.050309491,10
5daab7a060ac5d0014235b89,Prev,0.795251344,11
5dacf17a6f11e500163e3bc4,Prev,0.250171939,16
5dae25fc2e361800135fbd02,Prev,0.702985299,16
5db0a97f127d4000117cdfa0,Prev,0.464310277,10
5db222231ff7b4000ab2cfc1,Prev,0.183551123,15
5db3029ffa4efa000a145bde,Prev,0.203329178,16
5db3b031efa9f6000cf02400,Prev,0.100275103,5
5db6ff8c7f9e6b000dd24a19,Prev,0.000343879,17
5dba287f9653e80734e335d7,Prev,0.250171939,5
5dbaded2af6b8e0e8c3632ed,Prev,0.078415148,16
5dc091fa9be08f03fb01a816,Prev,0.146076914,14
5dc1c27fb3e5c212018d9e33,Prev,0.214482217,8
5dc1cd625fd2031344dfe43d,Prev,0.383413572,15
5dc1eb838a84461511b3cd73,Prev,0.431865074,12
5dc4175e3317732e53467e8b,Prev,0.000343879,16
5dc59aea37023940a0860dea,Prev,0.140872163,16
5dc8d8b90a0b38630af7a0ba,Prev,0.406314477,8
5dcaf5db575da17c63ebb51b,Prev,0.094029402,16
5dcca657854936945d68eaa9,Prev,0.444482653,12
5dce29700ad506063969a4a5,Prev,0.01818874,14
5dcefcd0307b8d05031d7264,Prev,0.015039647,17
5dcf0e94fce60605794da411,Prev,0.250171939,11
5dcf402982569a08ddd84086,Prev,0.103214257,17
5dcf7b49523df00ae9c4e07e,Prev,0.431865074,11
5dd0c43acaee3e187643d32b,Prev,0.683207244,15
5dd106ec7beb291ab1c63d0f,Prev,0.000343879,16
5dd1964987c1fd2082c4d88e,Prev,0.04718664,16
5dd1ab5dd3ac2a21600f87b8,Prev,0.283482348,15
5dd2c9f2c925a82e5167ef8b,Prev,0.000343879,16
5dd3e852b988873c617cd21a,Prev,0.485304232,17
5dd3e9d93228863b9c89ad1a,Prev,0.150240715,15
5dd5db1ded7ea4574c7bc996,Prev,0.194654593,12
5ddaa1e583e309a04100bd57,Prev,0.062800894,16
5ddae85b393bd3a44d7cbaaa,Prev,0.281400447,16
5ddc516e82a527bc2397e6e1,Prev,0.062800894,16
5dde8fba82f458000c8c7c75,Prev,0.437542985,13
5de01c13c3a15e0a03332169,Prev,0.033654287,15
5de1986c040f531f97eb6092,Prev,0.156486417,16
5de481c2a49875052fcf6dee,Prev,0.285861662,8
5de7f5d27c17f804d007da90,Prev,0.5,17
5de82c263aa2777a36b996b2,Prev,0.04718664,16
5de9ca36a484410fdd8a928b,Prev,0.200206327,16
5de9ef512dc5c612021d3038,Prev,0.444482653,10
5dea76e109c1071948aed0ff,Prev,0.343857462,16
5dea8a8fcd6328000aeb1cf4,Prev,0.264867708,17
5deb3c192235ad24f4a21826,Prev,0.132605793,17
5debccb0389fde2b5e13fcea,Prev,0.607069169,14
5dec1c522911273179e44dbe,Prev,0.250171939,6
5decaac46e09cf3792805023,Prev,0.187714924,16
5dee72917309b950e5262f3a,Prev,0.519217543,13
5df162b6c76aa6080c4c7694,Prev,0.400068776,5
5df58b28ecb3ea3ed1ceea37,Prev,0.562457015,6
5df97abeabec5d6fcbbc764d,Prev,0.214482217,15
5dfb693a73d72487b1fe495b,Prev,0.305689286,9
5dfc64647adf4b971f329cbf,Prev,0.656142538,16
5dfcfabe2b12bd9d55590694,Prev,0.442347371,14
5e025e51a2c696de398fa46b,Prev,0.366758368,15
5e04446a783225ee6e9ed929,Prev,0.250171939,15
5e065bba5a342503b3f3e0bc,Prev,0.66655204,6
5e0d416d13ec504cb9c43cbf,Prev,0.557652629,14
5e0e32ee1d4607573dc85b1f,Prev,0.187714924,16
5e0e66730db8925a55fffbd5,Prev,0.361206633,9
5e121701dc79bd8a1a22ca99,Prev,0.166895919,10
5e121b2b82a955890a9b3484,Prev,0.524982806,10
5e1276f7e69d0a912635da16,Prev,0.229352934,12
5e13d5a0398bb6a1517fab4c,Prev,0.70819005,13
5e1414d158a5c7a5a1d99be3,Prev,0.327042112,14
5e15e63a4f40fbbd907aff1e,Prev,0.000343879,8
5e175705cfe8dc000b559793,Prev,0.483344796,15
5e1797da928b15062260e30e,Prev,0.37508597,10
5e1882adfd7db4158998b5f0,Prev,0.208533929,13
5e19c8d1477f3b24e0ac5efa,Prev,0.645733035,13
5e1a288a1859772a7ff2700a,Prev,0.562457015,16
5e1b9d3d08b5ba3c86879d5b,Prev,0.5,16
5e1c138a2bf9514062e4de6b,Prev,0.16199733,17
5e1f938b06121f2be0d1ead4,Prev,0.166895919,7
5e2039ccf0b71e34ef9c60a2,Prev,0.264867708,17
5e2093a7e10aa2000c631268,Prev,0.250171939,11
5e23646fd3ba5760bca7801c,Prev,0.702985299,16
5e2784b2cf46ff9ab1191cc9,Prev,0.678448615,8
5e27868c5cbbcc0b3599574b,Prev,0.000343879,14
5e2861fb5c6297029148b635,Prev,0.5,7
5e28e8730fd86a0a19e084cd,Prev,0.232327078,15
5e29ada5d441690127fb5748,Prev,0.62491403,16
5e2a425609072a0abb76094b,Prev,0.390700224,16
5e2ac2aa0038f21089a533a4,Prev,0.730610517,14
5e2b0d34a8dc8c000cc53114,Prev,0.285861662,15
5e2e9c7388448746ab366b7f,Prev,0.400068776,7
5e311dd7a390be11ebfc23c3,Prev,0.227460298,11
5e35d4a59d323458753819d2,Prev,0.37508597,6
5e37b3d7abde98738c0f1e7c,Prev,0.593685523,16
5e3889c805856605d1838c21,Prev,0.519217543,14
5e38e79295ff561112eae457,Prev,0.083619899,12
5e39d872793a082024d9cf18,Prev,0.187714924,16
5e3a7e26ca5cf328020dc4b6,Prev,0.172100671,16
5e3adfc595ff562fbdd130fa,Prev,0.562457015,13
5e3b9b820014e23ad71813c8,Prev,0.799793673,11
5e3cba059e9d0b0b3663c90c,Prev,0.154084224,13
5e3d679eaa341501c1a5a90b,Prev,0.227460298,11
5e3d91a08dfa83000c9f4d36,Prev,0.066964695,15
5e3dff6b8714b707b9a258b0,Prev,0.13661373,12
5e40774a2ee93c2ae0ecad03,Prev,0.400068776,11
5e416e22fb96eb000b3fe2a8,Prev,0.196637355,15
5e41d817cfafb807ef94486a,Prev,0.383413572,15
5e44399336d11f01939401eb,Prev,0.297014701,16
5e46f51bc3298c1bf813a984,Prev,0.702985299,16
5e4a1730c94447480594cea4,Prev,0.607069169,14
5e4a59b502b78f4a232c0cff,Prev,0.899724897,10
5e4af9e73485dd000c99724e,Prev,0.214482217,15
5e4dd61e228f8723566e06d4,Prev,0.200206327,6
5e500182080ac1000b1c7315,Prev,0.549965612,15
5e51dfe3618c57215938d7b7,Prev,0.277930613,10
5e52d0122f5f952f2a7b6b28,Prev,0.409153433,12
5e531b2205acdb33c0f5f24c,Prev,0.441216927,17
5e552a5e45774651f60e62b3,Prev,0.028102552,9
5e5ab88a43f33029b119a48c,Prev,0.206084635,17
5e5b0bcc7a584430eb8bea65,Prev,0.729009055,12
5e5d641259df370779040d9e,Prev,0.150240715,15
5e6027f12036113753519c82,Prev,0.156486417,16
5e602d66bc402a381b35f74a,Prev,0.400068776,8
5e606b1eaf84e83c728748d7,Prev,0.088518489,17
5e614c386ee9b3017b83e4bc,Prev,0.250171939,9
5e63e24eaf3bd51660031dbe,Prev,0.266827144,15
5e649034feba20212bb729db,Prev,0.475017194,10
5e65c211b45c6432d8227e4c,Prev,0.357241108,8
5e667f3bc3f30a4050fc8f2f,Prev,0.172100671,16
5e6690ca0ef3a301da87b4d9,Prev,0.194654593,10
5e683c4d6ca0f9000d3f35fe,Prev,0.166895919,12
5e6869e6fe7f431210ced3f1,Prev,0.400068776,5
5e6989bc651f7d241449fccf,Prev,0.250171939,17
5e69987e0873d600084bc920,Prev,0.425051582,11
5e6d3b17a2b73d2f7aef3d04,Prev,0.204748656,12
5e6da92a65f32b372cf0fbdc,Prev,0.107413048,14
5e6ef5fbf14d264ae2ef3867,Prev,0.222413266,10
5e6fd38fe95be7071b5196bf,Prev,0.533310408,16
5e700bdb6319c15ed8726932,Prev,0.749828061,16
5e770f11a9d3b527c662aa23,Prev,0.234557686,16
5e78bf026d9a62443b9d5b74,Prev,0.5,7
5e795b321feceb5164cd115d,Prev,0.250171939,12
5e7c987c0d34ae2d8f9c7d8e,Prev,0.468771492,8
5e7d031be805560ae6b93dba,Prev,0.468771492,9
5e7daa886c123242e86c8138,Prev,0.363730149,11
5e7f64a99b18e463f74b0c91,Prev,0.70819005,13
5e80d8569d1bdf03449b0c2e,Prev,0.450034388,10
5e815773285d3883ba2fbbcf,Prev,0.250171939,8
5e820eb36551aa02fd72e1dc,Prev,0.075292297,12
5e82cbf3469f74a0b6d0fd29,Prev,0.433379184,15
5e83d36b6d7daf107aea7a7c,Prev,0.522711642,12
5e8421d0df483e18852ff25e,Prev,0.218943432,8
5e84253b26729e1847f16611,Prev,0.350103164,10
5e84b8443f064006f1b5215c,Prev,0.833104081,9
5e84cf62eabe5c081ea860c5,Prev,0.050309491,6
5e8537fe23609011fe987ca7,Prev,0.125257909,3
5e876872ca754f08ceb52e9e,Prev,0.66655204,14
5e87e49bb69f7b469f03cc68,Prev,0.421928731,16
5e89fdffad009e010e958ee7,Prev,0.392930831,15
5e8b835818346405e2571585,Prev,0.265786193,16
5e8be450affef10d24343a7f,Prev,0.382433854,17
5e8d44819163b611f62d706c,Prev,0.37508597,10
5e8fa34befd9542a66b02feb,Prev,0.37508597,9
5e911cfaefd95445d5a6c890,Prev,0.187714924,16
5e9128974d246b4532f248ff,Prev,0.5,17
5e921c1b451807056a5e85bb,Prev,0.37508597,14
5e935ec0ba38620009a3b0d8,Prev,0.515614254,16
5e9420fb792513752fd18744,Prev,0.599931224,11
5e9732d6bafec41daaf8fc30,Prev,0.083619899,8
5e975c32ca82b62079dc8f7c,Prev,0.704404777,12
5e975ea254955d0bfe9f7929,Prev,0.265786193,16
5e9a567a22a6fa0ee4cf44f1,Prev,0.250171939,12
5e9a600390f4ad0f0f200993,Prev,0.143102771,8
5e9aa65a9d211b140b6919f7,Prev,0.892586952,15
5e9b061b5eb4e3000a5ebc0b,Prev,0.37508597,7
5e9b8957035d900898422c3c,Prev,0.527758673,10
5e9ca054511e7a1c5c5640e5,Prev,0.562457015,16
5e9f55237c0db50bb0a02621,Prev,0.41672398,9
5e9fc65dee2ccf178f0e413f,Prev,0.125257909,16
5ea08654ea87f206588b6b50,Prev,0.109643655,16
5ea3b1b9fc11ed33dde53561,Prev,0.203329178,16
5ea492e3b1b3620a6fee3b90,Prev,0.37508597,11
5ea523b2a7782138712c7e1b,Prev,0.517844861,14
5ea5d2b8d2bc3308f7af06d5,Prev,0.483344796,15
5ea5dd6605b5170963934a65,Prev,0.250171939,16
5ea70b0537c5170b90ece8ac,Prev,0.206084635,17
5ea7434507a21c11406c58d6,Prev,0.392930831,9
5ea77b0161f86b151f475c8f,Prev,0.088518489,17
5ea8fe56a6d1a135a5a442cd,Prev,0.365477198,15
5ea9024a58a5ae36f0416ed6,Prev,0.266827144,15
5ea90a840928983752c88275,Prev,0.5,12
5ea963dc8304320363c8398c,Prev,0.916380101,12
5ea9704edf73440535b5e34d,Prev,0.000343879,2
5ea997837d28170bc5125c56,Prev,0.425051582,11
5ea9cc7058ebeb11a12e659c,Prev,0.068478805,12
5eaa605c7c3cbc1f14421a94,Prev,0.749828061,11
5eaa6339b2e5311e8e020396,Prev,0.484385746,16
5eaad5dcc2e64603e5122442,Prev,0.517844861,15
5eab89102e910016bb0b5414,Prev,0.576870172,13
5eac2cc56665cc23af76e945,Prev,0.54163801,12
5eac6f1aa8b3bb0dcfebeba9,Prev,0.604095025,12
5eadc21b6d4da6467f9d0a6b,Prev,0.283482348,15
5eaf02446c144d5e3a4d4562,Prev,0.5,12
5eaf33928c0ee3626f0036e5,Prev,0.312628955,4
5eb02a40b17a8c0868685d32,Prev,0.466689592,15
5eb030b6e679c6080c9b2350,Prev,0.000343879,16
5eb0deb2bd00da19c156f390,Prev,0.318306865,12
5eb1bc2b9d57e52f90d13214,Prev,0.178792494,14
5eb24b26f30ede1a6ae46c14,Prev,0.125257909,4
5eb2d579ed24d507082b07a2,Prev,0.176693098,17
5eb2f1a1ce5ba10ab2c0a042,Prev,0.283482348,15
5eb33612d573b51326905f30,Prev,0.113902088,12
5eb52896e034073a7b8aa981,Prev,0.150240715,15
5eb635754bbde6534e62c05e,Prev,0.341018507,12
5eb960c022781303ab1ca871,Prev,0.646957683,17
5eba34aa6f816b16d72f49e1,Prev,0.423129828,14
5ebc75d16a8f8f0c09ba480b,Prev,0.45836199,10
5ebe057674d69c15b1642055,Prev,0.150240715,12
5ec12ad1759b78000a4f9965,Prev,0.359471716,16
5ec19dd52abb6a5ce5b9fe05,Prev,0.294259244,17
5ec2f967fa87231315e8b60c,Prev,0.466689592,16
5ec2feeb47c4471339d3b2ce,Prev,0.103214257,17
5ec453f93ba6b432bdf01d58,Prev,0.442347371,13
5ec46d59c1c5e016fafe11d6,Prev,0.566620816,15
5ec5880e02a64c5b4102561f,Prev,0.088518489,17
5ec5a64c306f255ec98d5cc1,Prev,0.139137246,9
5ec5ba3e981556631c1a78ba,Prev,0.146076914,12
5ec6c96f5b660e0f25ea094c,Prev,0.300137552,6
5ec75df0d799ae1c11a8115c,Prev,0.250171939,10
5ec771e68288e91bf1919096,Prev,0.821207506,10
5ec7ec01fc75cf27b5dd16ee,Prev,0.359471716,16
5ec81134ac7d6b2b9ac51453,Prev,0.33344796,13
5eca36ad460a2b19ab37697b,Prev,0.172100671,16
5eca8de81197051fa92b5a6a,Prev,0.050309491,6
5ecaa9b289161d043d541b6c,Prev,0.519217543,14
5ecacb83b7f79d242d455216,Prev,0.477288358,12
5ecc6fb87c7c7646490f3cf8,Prev,0.386441791,12
5ecd649985aa0b0c194928bb,Prev,0.425051582,10
5ecffcc0d483170a794928e9,Prev,0.37508597,16
5ed0091bd374190b9b04045d,Prev,0.312628955,16
5ed062703c9248144a334cb4,Prev,0.464310277,9
5ed081544e61f3163c036286,Prev,0.250171939,12
5ed17af75957f60d040e3f34,Prev,0.687371045,13
5ed1c05a74af59110a5aa82f,Prev,0.66655204,9
5ed2109da3c8c204b76f6cd5,Prev,0.000343879,17
5ed53833cb34a1098e5e2bce,Prev,0.454576716,11
5ed57ec8141d24118731f1bc,Prev,0.37508597,9
5ed8c264d134c803a2670e4c,Prev,0.000343879,15
5eda5c5faf7c7f08a2f68cb7,Prev,0.749828061,12
5edad5d3b940fe72e6c321ac,Prev,0.04718664,16
5edaf0abba14031b7899eb3f,Prev,0.125257909,16
5edbf245e31b590a6e572482,Prev,0.350103164,15
5edc195a95d5090e1c3f91b2,Prev,0.062800894,16
5edc3b7a96a72790ae256a1d,Prev,0.769045604,14
5edd13e3858a15a07241964b,Prev,0.057996508,14
5eddaaaeb2a4d6ab5be32a02,Prev,0.5,10
5ede432f75bfd1073c1501d8,Prev,0.272883581,12
5ede8a971588b310e81f852f,Prev,0.41672398,15
5edeb3b209233c154f4d552a,Prev,0.187714924,16
5edfb0770fb0722aa3839b6d,Prev,0.321551385,8
5ee09c1a0c2ad1027f541f53,Prev,0.388965306,9
5ee0f5feec87fc0bc5eabdd7,Prev,0.281400447,16
5ee100c8ac33db0e30697284,Prev,0.312628955,5
5ee1327109ae2e4f8e01bd60,Prev,0.350103164,11
5ee150a384b8a1164fef6273,Prev,0.33344796,14
5ee232f2b970662cfa352567,Prev,0.303706524,15
5ee2b44f470fa7446a470c8d,Prev,0.283482348,15
5ee2c239f4ec4b804a79cf80,Prev,0.515614254,16
5ee3a34e16ad19048aef74f6,Prev,0.200206327,10
5ee3c01c7247c006e9a3f4fd,Prev,0.116930307,16
5ee644b8a00c6d0621d20793,Prev,0.62491403,10
5ee64e85c682de3a880579c6,Prev,0.187714924,9
5ee6706034f12e3d82d952aa,Prev,0.409153433,11
5ee8fdbb6b0e1325a483f9fa,Prev,0.453157239,16
5ee9b0eb623285360eda1910,Prev,0.683207244,15
5eea5252da0cfc115e24e69b,Prev,0.5,10
5eea591930ca5f0ddaa75a7f,Prev,0.5,14
5eeab761609f0d1df85d61bf,Prev,0.538435086,13
5eee3a583a975d29fd3e6f38,Prev,0.54163801,13
5eefa601e2550709b46a3dff,Prev,0.431865074,13
5ef05a7425018a31e8bb3c68,Prev,0.37508597,15
5ef165863c30cb15b9c83613,Prev,0.305689286,10
5ef1980b60a4447bc1a5408c,Prev,0.392930831,14
5ef428a45311db1c83d82b34,Prev,0.604095025,12
5efba90ef81cbe13a3d7df40,Prev,0.353042317,17
5f034b403ad29e529145f174,Prev,0.54163801,13
5f0963c6310eaf000b922e94,Prev,0.218943432,16
5f0dec5bb2612205fe864ab6,Prev,0.466689592,15
5f109c350780b10d05983394,Prev,0.477288358,12
5f16f559325a640008bb9a07,Prev,0.294259244,17
5f1703a31ea06d025b729ad9,Prev,0.699862448,15
5f1a30f8e8cd9a11b2832182,Prev,0.354266965,12
5f2502c10858c4143fafa023,Prev,0.66655204,13
5f26a21c70a6d23f6032b1ea,Prev,0.576870172,14
5f2853a8e736e613955f73bf,Prev,0.400068776,15
5f29aacd4eeb0b10914d3dc5,Prev,0.339396247,14
5f2a12f5837dd81e5881b7cc,Prev,0.100275103,7
5f2a13417b4ac51dc95d38c1,Prev,0.109643655,16
5f3557097104764efaee9bbe,Prev,0.343857462,16
5f3ac1732efa0a74f975b1a8,Prev,0.19251931,13
5f3b4854ac7ac783ce22070e,Prev,0.250171939,17
5f3ed5c238cf461818f961b0,Prev,0.13661373,11
5f469dcf5fcb5d0355771013,Prev,0.999656121,3
5f4813c94e8b081877fb26a6,Prev,0.392930831,14
5f482b0da1cde52de45f174c,Prev,0.444482653,9
5f48348c7dfbf12d50c6a7ec,Prev,0.799793673,7
5f49f3262a3d07563d14a7f1,Prev,0.599931224,11
5f4a7a00dc1bde60ab8f7ac5,Prev,0.341018507,12
5f4c4b277200c9868db9d43f,Prev,0.094029402,16
5f4c4dd50a92c286c1972f06,Prev,0.343857462,16
5f4c5105ad5ee685d48bcca2,Prev,0.083619899,12
5f4d1371c20934977e621ac3,Prev,0.5,9
5f4ee7ff2c5da213f015a27e,Prev,0.66655204,7
5f500418133110165a1539a9,Prev,0.071723325,8
5f50468c0868af1baaec306c,Prev,0.327042112,13
5f50732850c7c600098593df,Prev,0.250171939,9
5f52e45ad408d55fa156aa21,Prev,0.147301562,17
5f5834134283933a1c3b42d0,Prev,0.716517652,15
5f59dc445d3541000c150f40,Prev,0.327042112,13
5f5d48f1c6768e5bcae08170,Prev,0.636269851,12
5f5d967f60d7fa5fdca4cc4f,Prev,0.604095025,13
5f5f039252a9217cad40cc18,Prev,0.285861662,9
5f5feca329bdfb0cfc2a8928,Prev,0.470608463,17
5f6c102b6ec04317fc9a8127,Prev,0.214482217,7
5f6e36c7f042f033d0f97bc1,Prev,0.036033602,15
5f723cf881f5c0159cfa6da1,Prev,0.45836199,8
5f7392562b5e060e795d20db,Prev,0.265786193,16
5f773334d74b082186824cac,Prev,0.671756792,16
5f7d3ace29e51d20f794994a,Prev,0.615305259,14
5f94a8e7fa8c422fc88940b0,Prev,0.066964695,16
5f9803e732d857040c277dd9,Prev,0.777586734,11
5f9c3ecd9a95b50a57842e5c,Prev,0.423129828,15
5fa322092858085f30d5b011,Prev,0.04718664,16
A10MSB9X1UFLJ5,Prev,0.100275103,10
A11TPUPFP2S4MK,Prev,0.117910025,17
A12FTSX85NQ8N9,Prev,0.000343879,15
A13FUEPWBCLBUY,Prev,0.088518489,17
A15VCKELIEEPJN,Prev,0.455912695,17
A16G6PPH1INQL8,Prev,0.270990945,12
A18VIO909RWY6D,Prev,0.268016801,14
A1BNYBF79IQ89T,Prev,0.109643655,16
A1DMXEJGJY02E1,Prev,0.156486417,8
A1DZMZTXWOM9MR,Prev,0.000343879,14
A1EUBMQ86K32XE,Prev,0.450034388,15
A1F9KLZGHE9DTA,Prev,0.395904975,12
A1JJYY622DGE5L,Prev,0.731983199,14
A1L3937MY09J3I,Prev,0.200206327,10
A1NZFJHVJ9CNTO,Prev,0.656142538,16
A1P2RQ166VS5BT,Prev,0.133585511,15
A1RV2LERVS0A4H,Prev,0.000343879,3
A1TLNLB9D87H6,Prev,0.113902088,11
A1V1JNPU0KOA3X,Prev,0.37508597,7
A1VR1XQEQQXYUE,Prev,0.132605793,17
A1ZT30BGR3266K,Prev,0.425051582,10
A2196WCNDZULFS,Prev,0.166895919,3
A222R4PNCF08OF,Prev,0.172100671,16
A22ABLVEI5EGPL,Prev,0.166895919,6
A2615YW1YERQBO,Prev,0.146076914,12
A2DWPP1KKAY0HG,Prev,0.343857462,16
A2FGKKWP33DFWS,Prev,0.264867708,17
A2FL477TMKC91L,Prev,0.194654593,9
A2MHY064OSYIBI,Prev,0.250171939,17
A2MUCL20GTQJA0,Prev,0.071723325,7
A2NO3OTBZYY43Z,Prev,0.07382272,17
A2OO4PG3LBLP5I,Prev,0.409153433,11
A2OVX9UW5WANQE,Prev,0.517844861,14
A2S64AUN7JI7ZS,Prev,0.395904975,12
A2TLN8489YGY81,Prev,0.250171939,15
A2V27A9GZA1NR2,Prev,0.216861531,15
A2VLTSW6CXIUMR,Prev,0.527758673,11
A2XQ3CFB5HT2ZQ,Prev,0.288607026,13
A2Y0WNHMT4PZ4C,Prev,0.019561422,13
A2YGOORS5N9RW8,Prev,0.125257909,6
A30RAYNDOWQ61S,Prev,0.100275103,15
A30UE6DWFNUCWX,Prev,0.050309491,16
A3180VXVP8MOIH,Prev,0.175223521,10
A3388HIWAKD3DV,Prev,0.000343879,17
A34SIGOLUGKIHJ,Prev,0.37508597,16
A37JSOJH9695SM,Prev,0.484385746,16
A37OUZOGQKGMW0,Prev,0.187714924,9
A38I0E8UK53ME5,Prev,0.166895919,9
A3D2U4QF7821ZW,Prev,0.475017194,10
A3F51C49T9A34D,Prev,0.000343879,13
A3FAF93BMDJLAL,Prev,0.044431184,17
A3FGT6EU39C6S4,Prev,0.100275103,15
A3I40B0FATY8VH,Prev,0.749828061,8
A3KF6O09H04SP7,Prev,0.230954396,13
A3O0QZQ4V2IXT7,Prev,0.000343879,13
A3O0ZQMDKOKAMR,Prev,0.468771492,16
A3P5WIW36V70AI,Prev,0.044431184,17
A3QEVFM3UD67BA,Prev,0.203329178,16
A3R5OJR60C6004,Prev,0.100275103,15
A3UPZ88FI1EJC,Prev,0.325120358,10
A3URLNXHLP4ARU,Prev,0.353042317,17
A5BMKZRGHNSRT,Prev,0.062800894,8
A98E8M4QLI9RS,Prev,0.400068776,12
AA4O2W236E3FW,Prev,0.233516735,15
ADZHJZ078THWQ,Prev,0.16199733,17
AEWGY34WUIA32,Prev,0.107413048,7
AGWWUXDX6CI38,Prev,0.485304232,17
AIEKCWYZTS41V,Prev,0.000343879,15
AIHHRINW9IN1I,Prev,0.143102771,14
AMELYCC59JKB0,Prev,0.033654287,15
AMV1E7FFPVAW4,Prev,0.166895919,12
APGX2WZ59OWDN,Prev,0.437542985,9
AW5O1RK3W60FC,Prev,0.055861226,9
AXMPSUNKUBEIL,Prev,0.107413048,14
AZNIEFUIVB2H0,Prev,0.033654287,15