Subject,Conf_Rat,avg_dev,num_weights,BDev
5d338bb02381b7001761694e,Med,0.705882353,17,0.588113254
5c57631a47a04100010da795,Med,0.333333333,9,0.541609036
5d8d12f6d88e3a00142c9751,Med,0.933333333,13,0.616505302
5a3bdd2c8d005a0001829f3e,High,0,6,0.5
5c381b1ce4dbd30001fbc9c9,Low,-0.25,10,0.468793223
5c0a696aa4e5fc0001759543,High,-0.071428571,13,0.491083778
5db222231ff7b4000ab2cfc1,Low,-0.8,15,0.400138313
5c223d4a4a7e1f000137e5b9,Med,0.333333333,15,0.541609036
5c55fec09fcbc40001dc50b5,Med,-0.0625,16,0.492198306
5d88db42c1d06e001a1fdcab,Med,1.3125,13,0.663835581
5d45c2d1da9cb60015aa4312,Low,0.8,15,0.599861687
A2OVWCQ4B9AHFY,Med,-0.857142857,0,0.393005335
5b0fa626bd9c310001568d6c,Med,0.25,8,0.531206777
5a4bf09053a4560001ba0ebf,Low,0.7,8,0.587378976
5cf5134c8f8ff80019e76721,Low,0.466666667,16,0.558252651
5d9a09095223b6001809f1c9,Med,0,11,0.5
5dea76e109c1071948aed0ff,High,0.5,16,0.562413555
55ef4896b9401300137f40ac,High,1.117647059,17,0.639512652
5dfb693a73d72487b1fe495b,High,0.222222222,9,0.527739358
5e121701dc79bd8a1a22ca99,High,0.1,10,0.512482711
5e683c4d6ca0f9000d3f35fe,Low,0.166666667,12,0.520804518
5dfc64647adf4b971f329cbf,High,-0.125,16,0.484396611
5e3a7e26ca5cf328020dc4b6,Med,0,16,0.5
5c7cf8b58ca9000001b52f6e,High,1.357142857,14,0.66940822
5aa637861eda41000136d5d2,Low,-0.076923077,7,0.490397915
5bf17270871dd1000197226e,Med,-0.5625,0,0.429784751
5be0a65507684000010cf0f9,High,1,15,0.624827109
5c0150326a0c6e00013c6068,Low,-0.25,16,0.468793223
599eaf0fbfd73c00010ea24e,Low,0,10,0.5
5eaad5dcc2e64603e5122442,Med,2.133333333,15,0.766297833
5c3a34eebe1ddc0001aa35d6,Med,0.818181818,11,0.602131271
5e6fd38fe95be7071b5196bf,Med,0.538461538,16,0.567214597
5d55d562e04e1c0001f5e682,High,0.75,12,0.593620332
A3OB6REG5CGHK1,High,0.733333333,0,0.59153988
5d5f07cdca10e90016bc0103,Med,0.333333333,16,0.541609036
5ede432f75bfd1073c1501d8,Med,0,12,0.5
5ec7ec01fc75cf27b5dd16ee,High,0.625,16,0.578016943
5cfc3d486e9951001a0cb8cd,High,0.076923077,13,0.509602085
5dcefcd0307b8d05031d7264,High,-0.294117647,17,0.463286144
57e7bb4e73e67300012b8e2a,High,0.384615385,13,0.548010427
5993020a5f49420001caf86b,High,1.266666667,15,0.658114338
5a78e410ae9a0b0001a97274,High,-0.125,6,0.484396611
5bf32090a155c300016f3c06,High,0.1875,16,0.523405083
5e667f3bc3f30a4050fc8f2f,Med,0.8,16,0.599861687
5e500182080ac1000b1c7315,High,0.571428571,15,0.571329777
58742bf5d53c97000159df8c,High,-0.2,15,0.475034578
5d47abcc2dc88900166f27c9,High,-0.117647059,15,0.485314458
5ee0f5feec87fc0bc5eabdd7,Med,1.25,16,0.656033887
5d76a776f6630c0018431c01,Med,0.294117647,13,0.536713856
5b5a822e1ad8270001c4f28d,High,0.142857143,9,0.517832444
5e6d3b17a2b73d2f7aef3d04,High,-0.8125,12,0.398577974
5e1b9d3d08b5ba3c86879d5b,Med,1.3125,16,0.663835581
5e15e63a4f40fbbd907aff1e,High,0.375,8,0.546810166
5d82be0cf45ead000150f026,Med,0.466666667,15,0.558252651
5edc195a95d5090e1c3f91b2,Med,1,16,0.624827109
5e39d872793a082024d9cf18,High,0,16,0.5
57dd766bbcd7150001ded5de,Low,-0.0625,15,0.492198306
59417543c768a500011c9731,Med,0.285714286,7,0.535664888
56f0393f3f71990005d0e66d,High,0.705882353,17,0.588113254
5e51dfe3618c57215938d7b7,Med,2.125,10,0.765257607
5d54b73f1c1de70015d50959,High,0.2,8,0.524965422
5d6141608a11df001a477fbe,High,0.1875,16,0.523405083
5be781ca3b047e0001a39e47,Low,-1,10,0.375172891
5e04446a783225ee6e9ed929,Low,-0.533333333,15,0.433425542
59a1de0cec2f75000124eeaf,High,0.0625,16,0.507801694
5dd3e852b988873c617cd21a,High,1.470588235,17,0.683569278
5e975ea254955d0bfe9f7929,Med,0.5,16,0.562413555
5dcf402982569a08ddd84086,High,0.9375,17,0.617025415
5dcf7b49523df00ae9c4e07e,High,0.5625,11,0.570215249
5ed17af75957f60d040e3f34,High,-0.2,13,0.475034578
5edd13e3858a15a07241964b,Med,0.125,14,0.515603389
578673a9275be6000135880e,Low,0.733333333,5,0.59153988
5ecc6fb87c7c7646490f3cf8,High,0.428571429,12,0.553497333
58effc65c31d4d00015aa5b9,Med,0.9375,16,0.617025415
5e416e22fb96eb000b3fe2a8,Med,0.266666667,15,0.533287229
5c43349027bb0d0001282427,Low,-0.066666667,10,0.491678193
5c2cdb4e213a1a0001b9c475,Med,-0.727272727,11,0.409216648
5eb2d579ed24d507082b07a2,High,0.5,17,0.562413555
5dc1cd625fd2031344dfe43d,Low,0.529411765,15,0.56608494
5b97f8988ae8150001c7a887,Med,0.384615385,11,0.548010427
5c5fc78e96dff400013607a5,High,0.333333333,7,0.541609036
5c804f4092ad770015846011,High,1,15,0.624827109
5d2e56ae72b6780001c66698,Low,0.466666667,8,0.558252651
5d82d28977546f00166ae702,Med,0.3125,16,0.539008472
5a9262251eda410001360b2c,High,0.333333333,12,0.541609036
5ea492e3b1b3620a6fee3b90,Low,-0.5,11,0.437586445
59e833e72f63d30001c8fb86,Med,0.529411765,13,0.56608494
5c71b63c4aa8ec0001f2bfc4,Low,0.375,12,0.546810166
5dc4175e3317732e53467e8b,High,0.5,16,0.562413555
5c9ebf067114700016da2813,High,0.333333333,7,0.541609036
5eca8de81197051fa92b5a6a,Low,0,6,0.5
57b60487e5b60d0001083aea,Low,-0.714285714,7,0.410837779
5d1beb9c9e033e0017a725dc,Low,1.272727273,12,0.658870866
5dee72917309b950e5262f3a,High,-0.076923077,13,0.490397915
56d0f57421cd29000a9737e4,High,0.1875,15,0.523405083
5ec75df0d799ae1c11a8115c,Med,0.25,10,0.531206777
5e65c211b45c6432d8227e4c,Low,0.5,8,0.562413555
5dc1eb838a84461511b3cd73,Low,1.214285714,12,0.651575776
5cd062370081a60017789079,Med,0.916666667,12,0.61442485
5dc8d8b90a0b38630af7a0ba,High,0.6,8,0.574896266
5d6ef023cfe0a400198f911e,High,0.4,14,0.549930844
5beb8419aec9ef0001e9d5fb,High,0,16,0.5
5ea8fe56a6d1a135a5a442cd,Med,0.4,15,0.549930844
5c9a7872e2a8d00001585513,Low,0.357142857,14,0.54458111
5c05ff644c14cf00019db0a9,High,0,17,0.5
5d847ac9be4b0b00188463d7,High,0,10,0.5
5eb33612d573b51326905f30,Med,-0.357142857,12,0.45541889
5c90094e71f3100016181ea9,Low,1.3,10,0.662275242
5e82cbf3469f74a0b6d0fd29,Low,0.294117647,15,0.536713856
5d0d16d991270800010b7dd7,Med,0.125,16,0.515603389
5daa18ed95be5f00133609e8,High,0.071428571,8,0.508916222
5e6027f12036113753519c82,Med,0.058823529,16,0.507342771
5b619b6c5256470001bcf992,High,0.0625,8,0.507801694
5e35d4a59d323458753819d2,High,-0.6,6,0.425103734
595b93be7882150001240e21,Med,0.266666667,13,0.533287229
5e37b3d7abde98738c0f1e7c,High,0.333333333,16,0.541609036
5e29ada5d441690127fb5748,Med,1.1875,16,0.648232192
5e84b8443f064006f1b5215c,High,0.125,9,0.515603389
5dcca657854936945d68eaa9,High,0.5,12,0.562413555
5cd321750316ed0017c81bcd,Med,0.583333333,12,0.572815814
5b4d39f2d4c93b00019c8217,Med,0.583333333,12,0.572815814
55b9a9b0fdf99b6906d2aba4,High,0,10,0.5
58a43e029a17120001d910d5,Low,0.75,8,0.593620332
5edeb3b209233c154f4d552a,High,0.1875,16,0.523405083
5d9f8573ce3daf0015e3e400,High,0.1875,16,0.523405083
5de1986c040f531f97eb6092,High,0.25,16,0.531206777
5490c822fdf99b71ba910e1a,Low,0.125,6,0.515603389
5831f08ebfb3b400015a6ad4,Med,-0.25,16,0.468793223
5e6690ca0ef3a301da87b4d9,Med,0.125,10,0.515603389
5e9b621702bbdc069b2496c4,Med,0.428571429,0,0.553497333
5e6989bc651f7d241449fccf,Low,-0.823529412,17,0.397201204
5ea997837d28170bc5125c56,Low,1,11,0.624827109
5d378df21acda30001e7191e,High,2.285714286,9,0.785319107
5cc1e9161758c700138de977,Med,0,0,0.5
5c82a8cdfff8430015e9942f,High,0.833333333,6,0.604022591
5c925b0fb138fe0014e4036b,High,0,13,0.5
5e5ab88a43f33029b119a48c,Med,0.294117647,17,0.536713856
5e19c8d1477f3b24e0ac5efa,High,1.125,13,0.640430498
5a212dcc7b108200011e040c,High,2.25,13,0.780860996
5c27f83289f035000174a168,High,0.2,12,0.524965422
5ed081544e61f3163c036286,Med,2,12,0.749654219
5d6d6412f570e000184cf48b,Low,0.533333333,14,0.566574458
5bddf0f876219d00014b145e,Med,1.230769231,11,0.653633365
5dacf17a6f11e500163e3bc4,Low,0,16,0.5
5e4af9e73485dd000c99724e,High,-1,15,0.375172891
5bcb229aa8920a00013060fa,Low,0.5,16,0.562413555
5b15307351caaf0001228d9b,High,1.25,16,0.656033887
5cb9bc10e50fe5001746c43b,Med,0.4,15,0.549930844
5a0d9553fe645f0001e9f852,Med,-0.071428571,15,0.491083778
5c03217b1a20110001e979f0,High,0.666666667,4,0.583218073
5ec12ad1759b78000a4f9965,High,1.375,16,0.671637275
5e552a5e45774651f60e62b3,Low,0.666666667,9,0.583218073
5dc1c27fb3e5c212018d9e33,High,0.333333333,8,0.541609036
5ec2f967fa87231315e8b60c,Med,0.5,16,0.562413555
5e5b0bcc7a584430eb8bea65,High,0.583333333,12,0.572815814
5c971acab18d000001e1afd7,Low,0.588235294,17,0.573427711
5e815773285d3883ba2fbbcf,High,0.142857143,8,0.517832444
5eb1bc2b9d57e52f90d13214,Low,0.714285714,14,0.589162221
5b5c8d4e10aec90001ed4bee,High,0.25,6,0.531206777
5d63179aa3b94d0001da4bb6,Med,-0.2,15,0.475034578
5c742339e621f900163f4543,High,1.533333333,15,0.691401568
583b397f54686200010f1d20,High,-0.714285714,7,0.410837779
59dc458f77860e000151240e,High,-0.230769231,12,0.471193744
5b76ce43bfc4cb0001f2c4c3,High,-0.176470588,17,0.477971687
5e80d8569d1bdf03449b0c2e,Med,0.7,10,0.587378976
5e175705cfe8dc000b559793,Med,0.941176471,15,0.617484338
5ddae85b393bd3a44d7cbaaa,High,0.5625,16,0.570215249
5e1797da928b15062260e30e,High,1.272727273,10,0.658870866
55ddb84550a1f7000b90d65a,Med,0.25,16,0.531206777
5e27868c5cbbcc0b3599574b,Low,0,14,0.5
5c871f91e769f8000178afc8,Low,0,5,0.5
5d461284d9b0690001720f6d,Low,0.333333333,9,0.541609036
5c28113978fad50001932f58,High,-0.461538462,13,0.442387488
5e78bf026d9a62443b9d5b74,Low,0.571428571,7,0.571329777
5dba287f9653e80734e335d7,High,-0.090909091,5,0.488652081
58f10189738cac000116d3ab,High,0.588235294,17,0.573427711
5ee3c01c7247c006e9a3f4fd,High,0.1875,16,0.523405083
5a6f1ccade1f390001dbd8b7,High,0.5,13,0.562413555
5e7daa886c123242e86c8138,Med,0.909090909,11,0.61347919
5ee64e85c682de3a880579c6,High,0.818181818,9,0.602131271
A1PAY3X73PQ16S,High,0.0625,0,0.507801694
5c92870723bd7e001870138e,Med,0,9,0.5
5d30a193b2cfe00017231a93,Med,0.5,9,0.562413555
5d4c7ac3e8ec490018b0050d,Med,0.2,5,0.524965422
5e84253b26729e1847f16611,Low,0.3125,10,0.539008472
5c70852d7826350001565ce4,Med,0,10,0.5
5c40e7d99d27f00001159a65,Low,0.1,11,0.512482711
5ab84333f69e940001d8f0af,Low,-0.0625,10,0.492198306
5de82c263aa2777a36b996b2,Med,0.25,16,0.531206777
5dd5db1ded7ea4574c7bc996,Low,0.083333333,12,0.510402259
5d8c46cc53b833001a4bf916,Low,0.588235294,17,0.573427711
5e606b1eaf84e83c728748d7,Med,0.411764706,17,0.551399398
5ec46d59c1c5e016fafe11d6,Low,-0.466666667,15,0.441747349
5ea90a840928983752c88275,Low,0.5,12,0.562413555
5e6ef5fbf14d264ae2ef3867,Med,1.1,10,0.63730982
5bd9f569eb22f2000183df4e,Med,0.5,16,0.562413555
5ee6706034f12e3d82d952aa,High,0.636363636,11,0.579435433
5ec6c96f5b660e0f25ea094c,Low,0.461538462,6,0.557612512
5e9f55237c0db50bb0a02621,High,0.1875,9,0.523405083
5ddc516e82a527bc2397e6e1,High,0.0625,16,0.507801694
59c0782e5364260001dc4740,Med,0,13,0.5
5edaf0abba14031b7899eb3f,High,0.1875,16,0.523405083
5e69987e0873d600084bc920,Low,0.533333333,11,0.566574458
5ed0091bd374190b9b04045d,Med,0.4375,16,0.55461186
5ea9cc7058ebeb11a12e659c,High,-0.125,12,0.484396611
5e41d817cfafb807ef94486a,High,0.6,15,0.574896266
5c82656bed1753001581fd1e,Med,0.235294118,17,0.529371085
5ec5a64c306f255ec98d5cc1,Med,0.333333333,9,0.541609036
5ebe057674d69c15b1642055,Low,0.272727273,12,0.534043757
57d6dd8d6598aa000199188b,Med,0.083333333,12,0.510402259
597fe89a1b41a20001749f57,High,0.75,14,0.593620332
5eea5252da0cfc115e24e69b,High,0.444444444,10,0.555478715
5ee3a34e16ad19048aef74f6,Med,0.6,10,0.574896266
56fdff4ee0f9ff000f19c466,High,0.142857143,6,0.517832444
 5ad4a9f30f5d3900016a4d8b ,Low,-0.375,0,0.453189834
5ec81134ac7d6b2b9ac51453,Med,1.928571429,13,0.740737996
5edfb0770fb0722aa3839b6d,Med,0.2,8,0.524965422
5b32c0ff975e260001e97d0e,Med,0.8125,8,0.601422026
5ee232f2b970662cfa352567,Med,0.466666667,15,0.558252651
5eb52896e034073a7b8aa981,High,-0.235294118,15,0.470628915
5cf21b7b2456d90001ee8e40,Med,-0.1875,6,0.476594917
5eb02a40b17a8c0868685d32,High,1.8,15,0.724688797
5953d01e4d560700016462da,High,0,4,0.5
5c6a36214fbf270001311702,High,0.058823529,17,0.507342771
5ed062703c9248144a334cb4,Low,0.461538462,9,0.557612512
5e065bba5a342503b3f3e0bc,Med,0,6,0.5
5eaa6339b2e5311e8e020396,Low,0.0625,16,0.507801694
5ede8a971588b310e81f852f,Low,-0.941176471,15,0.382515662
5e2039ccf0b71e34ef9c60a2,High,1.411764706,17,0.676226507
5e8be450affef10d24343a7f,Low,-0.235294118,17,0.470628915
5d4a41890e604c00011ade8b,Med,0.466666667,15,0.558252651
5d344bd3b0f315001a122275,Med,0.714285714,14,0.589162221
5df162b6c76aa6080c4c7694,Low,-0.090909091,5,0.488652081
546f8a9cfdf99b4a593414ea,High,-0.0625,16,0.492198306
5a21b2e1e473b80001baaa09,Med,0.714285714,14,0.589162221
5c2d187569ceff00011417de,Low,0.166666667,5,0.520804518
5687d85e369319000c269c55,High,0.8,16,0.599861687
5e1f938b06121f2be0d1ead4,Med,0.6875,7,0.585818638
5eac6f1aa8b3bb0dcfebeba9,Low,0.25,12,0.531206777
5eb635754bbde6534e62c05e,Med,1.071428571,12,0.633743331
5d7b2e78698dea001853b5ec,Med,-0.0625,0,0.492198306
5bfd81fb2feab400014d9060,Med,0.411764706,17,0.551399398
5dd1964987c1fd2082c4d88e,High,0.25,16,0.531206777
5d7af4ee784e52001b9b02da,Med,0.125,15,0.515603389
5e8fa34befd9542a66b02feb,Med,1.6,9,0.699723375
5e820eb36551aa02fd72e1dc,High,0,12,0.5
5de01c13c3a15e0a03332169,High,0.133333333,15,0.516643615
5ea5d2b8d2bc3308f7af06d5,High,1.066666667,15,0.633148917
59c6305e6a287600011c388d,High,0.529411765,17,0.56608494
57a761c22fc0d400012c9656,High,0.8125,16,0.601422026
5d83d2f1ae7a8b00017ec6a9,High,0.529411765,17,0.56608494
56e130548b1c33000a388671,High,0.285714286,11,0.535664888
5c0f1cf4f3027300014b606f,Med,0.375,15,0.546810166
5c92cda483617d0010bef1b8,Med,0.875,16,0.609223721
5d558ebe886e3f0020e90fce,Med,0.142857143,13,0.517832444
5e83d36b6d7daf107aea7a7c,Med,-0.307692308,12,0.461591659
5efba90ef81cbe13a3d7df40,Low,0.117647059,17,0.514685542
5ec5880e02a64c5b4102561f,High,0.176470588,17,0.522028313
5588d358fdf99b304ee5674f,Med,0.692307692,12,0.586418768
5d5c265773125e001af7f4cf,Med,0.411764706,16,0.551399398
5ad9cc7ddfcfcb0001e667f3,Low,-0.2,15,0.475034578
5eca36ad460a2b19ab37697b,Low,0,16,0.5
5e9ca054511e7a1c5c5640e5,Low,1.5,16,0.687240664
5e911cfaefd95445d5a6c890,Med,-0.058823529,16,0.492657229
5800e50de3536e00012840f4,High,0,11,0.5
5e649034feba20212bb729db,Med,0.3,10,0.537448133
5b16ceb0bdf4e10001630f58,Med,0.4375,16,0.55461186
5e1882adfd7db4158998b5f0,Low,0.384615385,13,0.548010427
5b954f10754b700001f06bf0,Med,-0.1,10,0.487517289
57bb6878eb28030001f7ea94,High,-0.230769231,13,0.471193744
5ef165863c30cb15b9c83613,Med,0,10,0.5
5e4a1730c94447480594cea4,Med,-0.066666667,14,0.491678193
5de7f5d27c17f804d007da90,Low,0.352941176,17,0.544056627
5e2861fb5c6297029148b635,Low,0.133333333,7,0.516643615
5d93c9c410165c0015326102,Med,0,10,0.5
5c47d714a8703f0001b6e780,Med,-0.294117647,13,0.463286144
5d0e9d1bf403080016411381,Med,0.333333333,7,0.541609036
5e0e66730db8925a55fffbd5,Med,-0.133333333,9,0.483356385
5e2e9c7388448746ab366b7f,Med,-0.8,7,0.400138313
5d6394518df2870001a74b42,Low,1,6,0.624827109
5eaf02446c144d5e3a4d4562,Low,0.8125,12,0.601422026
5a8891155292b800012316a8,Low,-1.2,7,0.350207469
5eaba4a0bc118a184ac2cd2e,Low,-1.142857143,0,0.357340447
5eddaaaeb2a4d6ab5be32a02,Med,0.9,10,0.612344398
5e8421d0df483e18852ff25e,Med,0.5,8,0.562413555
5b4d31673d01bd0001ec447e,Low,0.454545455,11,0.556739595
5eab89102e910016bb0b5414,Low,-0.642857143,13,0.419754001
5c003b5c2c8cc1000138e25f,Low,0.4,15,0.549930844
5eb960c022781303ab1ca871,High,0.058823529,17,0.507342771
55f63fc432af740012171ef6,Med,0.529411765,17,0.56608494
58066bf52d948b00014ba876,Med,-0.285714286,11,0.464335112
5e9732d6bafec41daaf8fc30,High,0.416666667,8,0.552011296
5cdcd4ca9f75db0001411660,Low,1.090909091,11,0.636175028
5c1c137b0739430001693cf5,Med,0.888888889,7,0.61095743
550bb70bfdf99b6853dab45e,Med,0.357142857,14,0.54458111
5decaac46e09cf3792805023,High,0.0625,16,0.507801694
5c454961f5e3bc00014ed20b,Low,0.6,14,0.574896266
5dce29700ad506063969a4a5,High,0.142857143,14,0.517832444
5ee1327109ae2e4f8e01bd60,Med,2.615384615,11,0.826470901
576017836442fa0006cfb7cd,High,0,6,0.5
5ec19dd52abb6a5ce5b9fe05,Med,-0.235294118,17,0.470628915
5d8927d21571f4001c8ce125,Low,-0.5,10,0.437586445
5dde8fba82f458000c8c7c75,High,-0.133333333,13,0.483356385
5ed57ec8141d24118731f1bc,Low,1.375,9,0.671637275
59ad6f1e09709e00013c2ba5,Med,0.4,15,0.549930844
5d5eeb06d8bcde00162d73f1,Med,1.615384615,12,0.701643792
5ee644b8a00c6d0621d20793,Low,0.4,10,0.549930844
5e44399336d11f01939401eb,Med,0.466666667,16,0.558252651
5ea08654ea87f206588b6b50,Low,0.411764706,16,0.551399398
5de481c2a49875052fcf6dee,Med,0.142857143,8,0.517832444
5c935d881754ba001b25697a,Low,0.214285714,9,0.526748666
5eaa605c7c3cbc1f14421a94,Low,0.8,11,0.599861687
5eda5c5faf7c7f08a2f68cb7,High,-0.294117647,12,0.463286144
5bef87523d79ff0001275154,Med,0.533333333,13,0.566574458
5ea77b0161f86b151f475c8f,Med,-0.294117647,17,0.463286144
5d5067b25371ae00191f69c4,Med,0.777777778,9,0.597087752
5d78647e4dadc9001a3e34dd,Med,-0.25,9,0.468793223
5591cd21fdf99b63126f6c60,High,0,12,0.5
5aa806e7777df200016088c5,High,0.7,10,0.587378976
5ef05a7425018a31e8bb3c68,Low,1.1875,15,0.648232192
5d045502bdeaa5000165e935,Med,0.5,16,0.562413555
5c4de8f726093e000134ee6e,High,-0.266666667,15,0.466712771
5eb2f1a1ce5ba10ab2c0a042,Med,0.8,15,0.599861687
5dd1ab5dd3ac2a21600f87b8,Med,2.363636364,15,0.795045895
5e935ec0ba38620009a3b0d8,Med,0,16,0.5
5e9a567a22a6fa0ee4cf44f1,Med,0.5,12,0.562413555
5eba34aa6f816b16d72f49e1,High,-0.357142857,14,0.45541889
5df97abeabec5d6fcbbc764d,High,-1.0625,15,0.367371196
5c586f5eee248f00016b7fe7,High,0.454545455,11,0.556739595
57656f6c2bfddf000125cce5,High,0,17,0.5
5e40774a2ee93c2ae0ecad03,Low,-0.454545455,11,0.443260405
5e23646fd3ba5760bca7801c,High,-0.3125,16,0.460991528
5eeab761609f0d1df85d61bf,Low,0.2,13,0.524965422
5e8b835818346405e2571585,Med,0.3125,16,0.539008472
5dd0c43acaee3e187643d32b,Med,-0.2,15,0.475034578
5cfbdcec8483c6001930c1b1,High,1.3125,16,0.663835581
5db6ff8c7f9e6b000dd24a19,High,-0.411764706,17,0.448600602
5e2093a7e10aa2000c631268,Low,0.642857143,11,0.580245999
5c8676deddda2d00012ad386,Low,-0.3125,14,0.460991528
5e876872ca754f08ceb52e9e,High,1.230769231,14,0.653633365
5d4702f04f947a0001181420,High,0.6875,16,0.585818638
5cfea2427b91e70001423ffb,Med,0.384615385,13,0.548010427
5daab7a060ac5d0014235b89,High,-0.764705882,11,0.404543975
5ea9024a58a5ae36f0416ed6,Med,0.588235294,15,0.573427711
5e13d5a0398bb6a1517fab4c,Low,-0.181818182,13,0.477304162
5e921c1b451807056a5e85bb,High,0.705882353,14,0.588113254
5cf7bfff528ef50001e96f69,Low,-0.466666667,15,0.441747349
5e9b061b5eb4e3000a5ebc0b,High,1.333333333,7,0.666436146
56ec151f388e1d000a5924d0,Low,0.222222222,10,0.527739358
5e0e32ee1d4607573dc85b1f,Med,0.5,16,0.562413555
58474a9c89af6500017f4cd6,Low,0.176470588,17,0.522028313
5ecacb83b7f79d242d455216,High,2.5,12,0.812067773
5e7f64a99b18e463f74b0c91,Low,0.785714286,13,0.598078443
5e84cf62eabe5c081ea860c5,Low,0.166666667,6,0.520804518
5ea523b2a7782138712c7e1b,High,0.214285714,14,0.526748666
5e602d66bc402a381b35f74a,Low,0.571428571,8,0.571329777
5e1276f7e69d0a912635da16,Low,0.666666667,12,0.583218073
5d9373b0e04970001ab482da,High,1.5,7,0.687240664
559ef308fdf99b2616ff2a4f,Med,0.058823529,9,0.507342771
5ca272f5caf59c0001a942cb,High,0.5,16,0.562413555
5b25c819a7cee100011d9091,Low,-0.411764706,16,0.448600602
5e3cba059e9d0b0b3663c90c,Low,0.083333333,13,0.510402259
5bd9fed6780d50000109c503,Low,0.375,9,0.546810166
5c801cd6aaf2af0016478e6f,High,0,14,0.5
5e614c386ee9b3017b83e4bc,Med,0.111111111,9,0.513869679
5eac2cc56665cc23af76e945,High,0.5,12,0.562413555
5e9b8957035d900898422c3c,Low,1.090909091,10,0.636175028
5edbf245e31b590a6e572482,High,1.090909091,15,0.636175028
5eb0deb2bd00da19c156f390,Med,0.166666667,12,0.520804518
5eaf33928c0ee3626f0036e5,Med,0,4,0.5
5e700bdb6319c15ed8726932,Med,2.25,16,0.780860996
5ec5ba3e981556631c1a78ba,Low,0.272727273,12,0.534043757
5e3889c805856605d1838c21,Med,-0.166666667,14,0.479195482
5eefa601e2550709b46a3dff,Med,0.636363636,13,0.579435433
5bcd295277740000016ab0a5,High,0.1,10,0.512482711
5b15de5cbd9c310001570400,Low,1.875,16,0.73405083
55b237e6fdf99b19ea79d2f7,Med,0.4,15,0.549930844
5e9a600390f4ad0f0f200993,High,-0.125,8,0.484396611
5ef110ef74978d1e943f0e7a,Low,0.1875,0,0.523405083
5b457ba9eb64c200015bbab1,High,1.071428571,8,0.633743331
5ea3b1b9fc11ed33dde53561,Med,1,16,0.624827109
5c8e1af5c6e10f00010d6212,Low,-0.090909091,11,0.488652081
5f5834134283933a1c3b42d0,Low,0.266666667,15,0.533287229
5ee150a384b8a1164fef6273,High,1.714285714,14,0.71398933
5eee3a583a975d29fd3e6f38,Low,-0.153846154,13,0.480795829
5c82d0ac51b0e00015cbd2fc,Med,-0.0625,15,0.492198306
58ac890076c5b70001662993,High,-0.0625,16,0.492198306
5bddd64b48428800013061a6,Low,0.076923077,13,0.509602085
5ee100c8ac33db0e30697284,High,1.2,5,0.649792531
5c1bc0ab84ff14000184c2ce,Med,0.066666667,15,0.508321807
5d849ee0a954540019f513dd,Low,1.181818182,8,0.647522947
5f4ee7ff2c5da213f015a27e,Med,0,7,0.5
5d74001d391b6600175f433b,Low,0.928571429,13,0.615910887
5484fd09fdf99b38dfb9645c,Low,0.533333333,15,0.566574458
5f5d967f60d7fa5fdca4cc4f,Low,0.923076923,13,0.615225024
559d9916fdf99b1e2b2dc6b8,Low,0,8,0.5
5a03d20a7ecfc50001be0a7a,Med,0.461538462,13,0.557612512
5e2a425609072a0abb76094b,High,0.5625,16,0.570215249
5dcf0e94fce60605794da411,High,0.727272727,11,0.590783352
5ee8fdbb6b0e1325a483f9fa,High,-0.0625,16,0.492198306
5f3b4854ac7ac783ce22070e,Med,0.352941176,17,0.544056627
5f3ed5c238cf461818f961b0,Med,-0.454545455,11,0.443260405
5c6319a0b73d590001ae789d,Low,0.058823529,17,0.507342771
5e38e79295ff561112eae457,High,0,12,0.5
5a91877e777df200015fa0f5,High,0,16,0.5
5f4a7a00dc1bde60ab8f7ac5,High,0.4,12,0.549930844
5e6da92a65f32b372cf0fbdc,Low,-0.058823529,14,0.492657229
5f6e36c7f042f033d0f97bc1,High,-0.0625,15,0.492198306
5f59dc445d3541000c150f40,Med,0.692307692,13,0.586418768
5cfdd7d53ca1bb00011030d4,High,0.411764706,17,0.551399398
5825ecee95f3030001cf889a,High,0.058823529,17,0.507342771
5dcaf5db575da17c63ebb51b,High,-0.3125,16,0.460991528
5f7392562b5e060e795d20db,Low,0.352941176,16,0.544056627
56f9364e895094000c8f4967,High,0.3125,16,0.539008472
5ee2c239f4ec4b804a79cf80,High,0.5625,16,0.570215249
5bdbf2d92562330001b8d056,Med,0.3125,13,0.539008472
5ace650a436f550001004f87,High,0.647058824,17,0.580770482
5f94a8e7fa8c422fc88940b0,Med,0.0625,16,0.507801694
5e63e24eaf3bd51660031dbe,High,0.647058824,15,0.580770482
5d8fea94efcbb5001756364b,High,0.0625,14,0.507801694
5e4dd61e228f8723566e06d4,High,0,6,0.5
5f4c4b277200c9868db9d43f,Med,0.375,16,0.546810166
5f49f3262a3d07563d14a7f1,Low,0.071428571,11,0.508916222
5ee09c1a0c2ad1027f541f53,Low,0.5,9,0.562413555
5ef1980b60a4447bc1a5408c,Low,0.133333333,14,0.516643615
5daa6f580d55870011370fd3,Med,-0.3125,10,0.460991528
5d305152b2cfe00019231a2a,Med,0.533333333,12,0.566574458
56fa002e8425ef000b3a4276,Med,-0.058823529,15,0.492657229
5ec2feeb47c4471339d3b2ce,Med,-0.705882353,17,0.411886746
5e9fc65dee2ccf178f0e413f,Med,0.1875,16,0.523405083
5d264dc7e4a0cb001a3efea6,Med,0.25,16,0.531206777
5f7d3ace29e51d20f794994a,Med,0.533333333,14,0.566574458
5e28e8730fd86a0a19e084cd,Low,0.857142857,15,0.606994665
5e1c138a2bf9514062e4de6b,Low,0.705882353,17,0.588113254
5f16f559325a640008bb9a07,Med,0,17,0.5
5f4c5105ad5ee685d48bcca2,High,0.823529412,12,0.602798796
5f2853a8e736e613955f73bf,Med,-0.142857143,15,0.482167556
5f1a30f8e8cd9a11b2832182,Low,-0.25,12,0.468793223
5c6d590ca190e0000103ec5f,High,0.7,10,0.587378976
5c57c06ed05b82000139682e,Low,0.1875,16,0.523405083
5c0990b854deae0001ac693c,Med,-0.125,16,0.484396611
5c2fcd716ea6880001dc8e3d,Med,0.5,14,0.562413555
5c9527e29e4f7400011e1571,Med,1.888888889,9,0.73578454
5dd2c9f2c925a82e5167ef8b,High,0,16,0.5
5b7cbe9db630cf000125dffe,Med,0.266666667,15,0.533287229
59296fb2e8a7ff000163f033,High,0,17,0.5
5f9c3ecd9a95b50a57842e5c,Med,1.8,15,0.724688797
5d94794a521f890016f93604,High,2,14,0.749654219
599ec7dc617ca80001fcd124,High,0.533333333,15,0.566574458
5e531b2205acdb33c0f5f24c,Low,0.764705882,17,0.595456025
5dd3e9d93228863b9c89ad1a,Med,0.2,15,0.524965422
5dbaded2af6b8e0e8c3632ed,High,0.1875,16,0.523405083
5c12521fbf739a0001cfeb03,High,0.533333333,15,0.566574458
5db0a97f127d4000117cdfa0,Med,1,10,0.624827109
5b26ed8a8ecf3f0001619040,Low,0.25,16,0.531206777
58e79ac632bebb0001b741ec,High,1.058823529,17,0.63216988
5bf08e67d63d690001360a79,Low,0.3,11,0.537448133
5b707a406f0ed10001bfb973,Low,-0.357142857,14,0.45541889
5f4c4dd50a92c286c1972f06,Med,0.625,16,0.578016943
5f3ac1732efa0a74f975b1a8,Low,1.076923077,13,0.634429195
5ea70b0537c5170b90ece8ac,Med,0.176470588,17,0.522028313
5b9efb73d1ff7a00013bfe84,Low,0.25,14,0.531206777
5f4813c94e8b081877fb26a6,High,0.733333333,14,0.59153988
5a947fb0f05361000171b5a3,High,1,16,0.624827109
5e89fdffad009e010e958ee7,High,-0.333333333,15,0.458390964
5a5c23afe0cf3d0001268781,High,0.4,15,0.549930844
5f50732850c7c600098593df,Low,-0.5,9,0.437586445
5e2ac2aa0038f21089a533a4,High,0.428571429,14,0.553497333
59977c8ba7b2400001523396,High,-0.8,14,0.400138313
5a5d7a42acc75b00017a8193,Med,0.416666667,8,0.552011296
5ecaa9b289161d043d541b6c,Med,0.125,14,0.515603389
599be3660ed7ae0001991db9,Low,-0.0625,12,0.492198306
5f773334d74b082186824cac,High,0.25,16,0.531206777
5dea8a8fcd6328000aeb1cf4,Med,0.705882353,17,0.588113254
5e3d679eaa341501c1a5a90b,Med,0.176470588,11,0.522028313
5aeeb4903c80f200013af2ed,High,0.3125,16,0.539008472
5dc59aea37023940a0860dea,Low,0.125,16,0.515603389
5e3adfc595ff562fbdd130fa,Med,0.133333333,13,0.516643615
5f26a21c70a6d23f6032b1ea,Med,0.3125,14,0.539008472
5c58e01e6f4ec5000164c35a,High,-0.0625,16,0.492198306
5f482b0da1cde52de45f174c,Low,-0.25,9,0.468793223
5e1a288a1859772a7ff2700a,Med,0.125,16,0.515603389
5e9420fb792513752fd18744,High,1.5,11,0.687240664
5c39606586c1450001a9675d,High,0.6875,16,0.585818638
5de9ca36a484410fdd8a928b,High,-0.266666667,16,0.466712771
559fa17cfdf99b69c369d364,Med,0.25,16,0.531206777
5ec771e68288e91bf1919096,Low,0.444444444,10,0.555478715
5e4a59b502b78f4a232c0cff,Low,0.3,10,0.537448133
5f034b403ad29e529145f174,Med,0.571428571,13,0.571329777
5c31847f10677f0001ddc781,Med,-0.333333333,9,0.458390964
5ea5dd6605b5170963934a65,Med,0.4375,16,0.55461186
5e795b321feceb5164cd115d,Med,0.545454545,12,0.568087514
5fa322092858085f30d5b011,Low,0.0625,16,0.507801694
5f50468c0868af1baaec306c,High,-0.076923077,13,0.490397915
570521cfde5095001018a0c8,High,-0.266666667,15,0.466712771
5b97f70161c19e00018db4a8,Low,0.285714286,14,0.535664888
5b3e3a299a6a140001222ea1,Low,0.6875,16,0.585818638
557d84c8fdf99b4d577438df,High,-0.117647059,17,0.485314458
5db3029ffa4efa000a145bde,High,0.235294118,16,0.529371085
54af2a48fdf99b09c01b3801,High,0.125,16,0.515603389
5e46f51bc3298c1bf813a984,Low,-0.0625,16,0.492198306
5f2502c10858c4143fafa023,Med,0,13,0.5
592e85797b619d0001cb07e9,Low,0,8,0.5
55cd909c34e906000a8d1e1e,High,0,6,0.5
5f5feca329bdfb0cfc2a8928,High,0.294117647,17,0.536713856
5e3d91a08dfa83000c9f4d36,Low,0.866666667,15,0.608183495
5ee9b0eb623285360eda1910,High,0,15,0.5
5eb030b6e679c6080c9b2350,Low,0.818181818,16,0.602131271
5e87e49bb69f7b469f03cc68,Low,0.928571429,16,0.615910887
5c3027ef69d7820001063974,Med,-0.153846154,13,0.480795829
5d6edb6ada16690017c9b828,Low,0.071428571,8,0.508916222
5f500418133110165a1539a9,High,-0.125,8,0.484396611
5f0dec5bb2612205fe864ab6,Low,-0.266666667,15,0.466712771
5c83f1ed20b39a001440b6b1,High,1.529411765,17,0.690912049
5f5f039252a9217cad40cc18,Med,-0.428571429,9,0.446502667
5be2e7e491deed00015adcb0,Med,0.133333333,15,0.516643615
5c6b2f0d5b27b00001a3561f,Low,-0.153846154,13,0.480795829
5ec453f93ba6b432bdf01d58,Low,-0.333333333,13,0.458390964
5c7a94dc8fbcb100146b6dc7,Med,1.615384615,11,0.701643792
5ecffcc0d483170a794928e9,High,0.375,16,0.546810166
59347d4f53490b0001563e47,High,0.25,16,0.531206777
5d1d3f10d5669200017b4e46,High,0.214285714,12,0.526748666
5e975c32ca82b62079dc8f7c,Low,-1.076923077,12,0.365570805
5dae25fc2e361800135fbd02,High,0.9375,16,0.617025415
5e770f11a9d3b527c662aa23,High,0.1875,16,0.523405083
5d453e8723a5bb0001492546,High,0.4,14,0.549930844
58ed2be2a083320001a13783,High,1.555555556,13,0.694175503
5f52e45ad408d55fa156aa21,Med,0.705882353,17,0.588113254
5e3dff6b8714b707b9a258b0,Low,0.5,12,0.562413555
5f1703a31ea06d025b729ad9,High,0.470588235,15,0.558742169
5d1618630b1f87001715eca7,Low,0.4,10,0.549930844
5f5d48f1c6768e5bcae08170,High,0.769230769,12,0.596020853
5c5deed04ee81200018ebb4a,High,0.533333333,15,0.566574458
5f2a13417b4ac51dc95d38c1,Low,1.125,16,0.640430498
5d14cea059c33d0001f19bb3,Med,-0.125,16,0.484396611
5f9803e732d857040c277dd9,Med,0.181818182,11,0.522695838
5edc3b7a96a72790ae256a1d,High,0.333333333,14,0.541609036
5e7c987c0d34ae2d8f9c7d8e,High,0.1,8,0.512482711
5d256c9b3eee7d001541a073,Med,0.545454545,11,0.568087514
5987c9f26ab9880001b5b04d,Low,1,10,0.624827109
5dd106ec7beb291ab1c63d0f,Med,-0.25,16,0.468793223
5d478068ff3efc001a89d7de,High,-1.866666667,16,0.266989396
5ceff2032de4e90015c822c4,High,0.875,16,0.609223721
5d4e24cdcc0b630001a2698d,Low,0.142857143,14,0.517832444
5e0d416d13ec504cb9c43cbf,Med,0.076923077,14,0.509602085
5c7dcd11f066ff001568e56a,Med,1.2,8,0.649792531
5f0963c6310eaf000b922e94,High,0.0625,16,0.507801694
5b9ec956c8a17f000171f7ad,High,0.411764706,16,0.551399398
5e9aa65a9d211b140b6919f7,Med,0.1875,15,0.523405083
5ed8c264d134c803a2670e4c,High,-0.6875,15,0.414181362
5e7d031be805560ae6b93dba,High,-1.666666667,9,0.291954818
5aa55cf8dbdb470001ef4cc5,Low,1,16,0.624827109
5a7cb079aa46dd00016b5bfb,Low,0.777777778,8,0.597087752
5c3fb71b36052e00016bb1a6,Med,-0.75,8,0.406379668
5ee2b44f470fa7446a470c8d,Med,-0.2,15,0.475034578
5e6869e6fe7f431210ced3f1,Low,0,5,0.5
5debccb0389fde2b5e13fcea,High,1.4,14,0.674757953
5c11f8202b16ba0001c8b764,Med,0,8,0.5
5e5d641259df370779040d9e,Med,1,15,0.624827109
5aeda69f9457e00001054d76,High,0.642857143,14,0.580245999
5f48348c7dfbf12d50c6a7ec,Low,0.571428571,7,0.571329777
589a46af57995d0001a8a03a,Med,1.5,16,0.687240664
5a708ef2f1530b000103bfab,Low,0.333333333,10,0.541609036
5ea7434507a21c11406c58d6,Low,0.444444444,9,0.555478715
5c5aecc774a76f0001a25ced,Low,-0.0625,16,0.492198306
583f12f545073d0001fac52d,Med,1.75,6,0.718447441
5dc091fa9be08f03fb01a816,Low,0.571428571,14,0.571329777
5e2b0d34a8dc8c000cc53114,High,-0.3125,15,0.460991528
5ab415206db3e700011bde54,Med,0.625,11,0.578016943
57b9bafdfc23450001acc1ac,Low,0.2,14,0.524965422
5ac6cc039534ba0001c75642,High,0.230769231,14,0.528806256
5cb9ca6814b3cb0017e4f7dd,Low,0.941176471,17,0.617484338
5f29aacd4eeb0b10914d3dc5,High,0.384615385,14,0.548010427
5c720c7278263500015665f9,Med,0.5625,16,0.570215249
5ef428a45311db1c83d82b34,Med,0.833333333,12,0.604022591
5edad5d3b940fe72e6c321ac,High,0.1875,16,0.523405083
5cb52a1e33f33d0001249130,Low,0.3125,16,0.539008472
5e2784b2cf46ff9ab1191cc9,High,1,8,0.624827109
5c5732a80a537a00019ea4eb,High,0.705882353,17,0.588113254
5b197b8088ee7400012ae154,Med,3.4,14,0.924412172
5d204134abea8100173fa8a4,Med,0.75,16,0.593620332
5b76d0f5fca8d9000139404c,Low,1.5,2,0.687240664
5bdc4d25a49c2800019e1c24,Low,1.222222222,9,0.652566467
5f109c350780b10d05983394,Med,0.933333333,12,0.616505302
56e6a66af6ed900006a5867c,Low,-0.533333333,15,0.433425542
5d329756062745001921494a,Low,-0.363636364,6,0.454608324
5eea591930ca5f0ddaa75a7f,Low,-0.235294118,14,0.470628915
5e1414d158a5c7a5a1d99be3,Med,0.333333333,14,0.541609036
5dfcfabe2b12bd9d55590694,Med,1.0625,14,0.632628804
5ea963dc8304320363c8398c,Med,1.75,12,0.718447441
5ecd649985aa0b0c194928bb,Med,0.133333333,10,0.516643615
5ed2109da3c8c204b76f6cd5,High,-0.470588235,17,0.441257831
56e1bbcb6ce054000b3ffcb8,High,1.9375,16,0.741852524
5c3282cd53d7b10001934577,Med,-0.25,5,0.468793223
5e52d0122f5f952f2a7b6b28,Med,0.066666667,12,0.508321807
58a63a64ea3d11000170e1cc,Med,0.5,12,0.562413555
5c6aecbad0fb370001731cac,Med,0,9,0.5
5bf720e60b616400019c6c6c,Med,0.833333333,11,0.604022591
57bca845e2101600015e8e88,Low,0.266666667,13,0.533287229
5f469dcf5fcb5d0355771013,High,0.666666667,3,0.583218073
5d254db8bb2e30001933fe36,Med,-0.25,16,0.468793223
5d003450f641130018828b8e,Med,0.923076923,16,0.615225024
5d5f31230fc94a001c632b69,High,0.642857143,14,0.580245999
5ed53833cb34a1098e5e2bce,Low,0.181818182,11,0.522695838
5e311dd7a390be11ebfc23c3,Low,0.75,11,0.593620332
5c0023fb2213be0001c2cdde,Low,0.571428571,14,0.571329777
5c4684826a7dbc00017c0a87,High,-0.571428571,7,0.428670223
5ab8026547a9f7000153a324,Med,0.4375,16,0.55461186
5deb3c192235ad24f4a21826,High,0.529411765,17,0.56608494
5e025e51a2c696de398fa46b,Med,-0.133333333,15,0.483356385
5d66ea7549716000187f26af,Low,0.454545455,11,0.556739595
5eadc21b6d4da6467f9d0a6b,High,0.9375,15,0.617025415
5f3557097104764efaee9bbe,Med,0.0625,16,0.507801694
5de9ef512dc5c612021d3038,Med,1.5,10,0.687240664
58dc1373463f960001ba45b3,Med,0.0625,16,0.507801694
5e9128974d246b4532f248ff,High,0.529411765,17,0.56608494
A13FUEPWBCLBUY,High,0.235294118,17,0.529371085
A15VCKELIEEPJN,Low,0.588235294,17,0.573427711
A12FTSX85NQ8N9,High,0.066666667,15,0.508321807
A38I0E8UK53ME5,Low,0.375,9,0.546810166
A3K9GTQBOI7O5A,High,-0.294117647,0,0.463286144
A1L3937MY09J3I,Med,0.5,10,0.562413555
A2MHY064OSYIBI,Med,-0.058823529,17,0.492657229
A3I40B0FATY8VH,High,1.625,8,0.702844053
A10MSB9X1UFLJ5,Med,0.2,10,0.524965422
A1P2RQ166VS5BT,Med,0.8,15,0.599861687
A22ABLVEI5EGPL,Med,1,6,0.624827109
A1VR1XQEQQXYUE,Med,0.470588235,17,0.558742169
A11TPUPFP2S4MK,High,0.352941176,17,0.544056627
A3O0QZQ4V2IXT7,Med,0.529411765,13,0.56608494
A2OO4PG3LBLP5I,High,0.933333333,11,0.616505302
A2615YW1YERQBO,Med,0.25,12,0.531206777
A1F9KLZGHE9DTA,High,0.571428571,12,0.571329777
A2FGKKWP33DFWS,Med,0.411764706,17,0.551399398
AIEKCWYZTS41V,Med,0.642857143,15,0.580245999
AMELYCC59JKB0,Med,0.333333333,15,0.541609036
A2XQ3CFB5HT2ZQ,Med,0.153846154,13,0.519204171
A2VLTSW6CXIUMR,High,1.636363636,11,0.704262542
A1DZMZTXWOM9MR,Med,0.071428571,14,0.508916222
A1JJYY622DGE5L,Low,0.071428571,14,0.508916222
A1RV2LERVS0A4H,Med,0.666666667,3,0.583218073
A30RAYNDOWQ61S,Low,0.133333333,15,0.516643615
A1DMXEJGJY02E1,Low,0.428571429,8,0.553497333
A3F51C49T9A34D,High,0,13,0.5
A2OVX9UW5WANQE,High,0.764705882,14,0.595456025
A2196WCNDZULFS,High,0.571428571,3,0.571329777
A1ZT30BGR3266K,Low,0.294117647,10,0.536713856
A3UPZ88FI1EJC,Med,-0.882352941,10,0.389858433
A3KF6O09H04SP7,Med,0.8125,13,0.601422026
A1BNYBF79IQ89T,Med,0.375,16,0.546810166
A1NZFJHVJ9CNTO,High,0,16,0.5
A3180VXVP8MOIH,Med,-0.1,10,0.487517289
A2TLN8489YGY81,High,0.071428571,15,0.508916222
A2Y0WNHMT4PZ4C,High,-0.0625,13,0.492198306
A18VIO909RWY6D,Med,-0.058823529,14,0.492657229
A34SIGOLUGKIHJ,Med,0.235294118,16,0.529371085
A16G6PPH1INQL8,High,0.235294118,12,0.529371085
A2YGOORS5N9RW8,Med,0,6,0.5
AIHHRINW9IN1I,Med,0.357142857,14,0.54458111
A3P5WIW36V70AI,Low,0.058823529,17,0.507342771
AMV1E7FFPVAW4,Med,0.5,12,0.562413555
A3FAF93BMDJLAL,Med,0.588235294,17,0.573427711
A1TLNLB9D87H6,Low,1.545454545,11,0.692914623
A30UE6DWFNUCWX,High,-0.2,16,0.475034578
A2MUCL20GTQJA0,High,-0.357142857,7,0.45541889
A2FL477TMKC91L,High,0.5,9,0.562413555
A3FGT6EU39C6S4,High,-0.066666667,15,0.491678193
A2S64AUN7JI7ZS,High,0.25,12,0.531206777
A3R5OJR60C6004,High,0.4,15,0.549930844
A3URLNXHLP4ARU,High,-0.058823529,17,0.492657229
ADZHJZ078THWQ,Med,1.411764706,17,0.676226507
AGWWUXDX6CI38,High,-0.352941176,17,0.455943373
A222R4PNCF08OF,Med,0.25,16,0.531206777
A2V27A9GZA1NR2,High,1.066666667,15,0.633148917
A1V1JNPU0KOA3X,Med,1.666666667,7,0.708045182
AA4O2W236E3FW,Med,0.3125,15,0.539008472
A98E8M4QLI9RS,Low,0.083333333,12,0.510402259
AXMPSUNKUBEIL,Low,0.3125,14,0.539008472
A3D2U4QF7821ZW,Med,0.857142857,10,0.606994665
A1EUBMQ86K32XE,High,0.666666667,15,0.583218073
AEWGY34WUIA32,Med,0.428571429,7,0.553497333
A3388HIWAKD3DV,High,-0.529411765,17,0.43391506
AZNIEFUIVB2H0,Low,0.0625,15,0.507801694
APGX2WZ59OWDN,Low,1.111111111,9,0.638696788
A37JSOJH9695SM,High,-0.125,16,0.484396611
A3QEVFM3UD67BA,High,0.75,16,0.593620332
A2DWPP1KKAY0HG,High,-0.058823529,16,0.492657229
AW5O1RK3W60FC,High,-0.058823529,9,0.492657229
A3O0ZQMDKOKAMR,Low,0.058823529,16,0.507342771
A2NO3OTBZYY43Z,High,0.235294118,17,0.529371085
56259489ed6e5a0005c80fde,High,-0.428571429,7,0.446502667
5f723cf881f5c0159cfa6da1,Low,0,8,0.5
5df58b28ecb3ea3ed1ceea37,Low,-0.142857143,6,0.482167556
A37OUZOGQKGMW0,Med,0.4,9,0.549930844
59658491b9153e0001617465,Low,0.1,11,0.512482711
5c6a3c721519ac0001668582,Med,0.8,5,0.599861687
5e8537fe23609011fe987ca7,High,-0.5,3,0.437586445
5d612ae16512d700159face7,High,0.5,14,0.562413555
5a04869ff2e3460001edad2e,High,0.666666667,6,0.583218073
5bf5ab78f35e0c000101b657,Med,0.125,8,0.515603389
5d62935aacd67c0015b06e8d,Med,0.75,6,0.593620332
5db3b031efa9f6000cf02400,Med,-1,5,0.375172891
5f4d1371c20934977e621ac3,High,1.833333333,9,0.7288497
5f2a12f5837dd81e5881b7cc,Med,0.285714286,7,0.535664888
5f1b2c6bb5afc42e312b436a,Low,-1,0,0.375172891
5f6c102b6ec04317fc9a8127,High,0,7,0.5
5e8d44819163b611f62d706c,Med,1.125,10,0.640430498
5d4b265b72db9d0015e8aac6,Med,0.125,4,0.515603389
5ed1c05a74af59110a5aa82f,Med,0.833333333,9,0.604022591
55be9292fdf99b4c861994d8,Low,-1,8,0.375172891
A5BMKZRGHNSRT,Med,0.375,8,0.546810166
5dec1c522911273179e44dbe,Med,0,6,0.5
5c101f812a1a620001f04007,Low,0.25,4,0.531206777
5e121b2b82a955890a9b3484,Low,-0.3,10,0.462551867
5ebc75d16a8f8f0c09ba480b,High,0.714285714,10,0.589162221
5cec2163d439ae0016596611,Med,0.333333333,9,0.541609036
5d73b97a40e4bc00019e1db8,Med,0,4,0.5
5eb24b26f30ede1a6ae46c14,High,1,4,0.624827109
558acd52fdf99b65685f03d9,High,-2,2,0.250345781
5761c23632676f0007eb36b3,Med,-1,2,0.375172891
5a49d6a06d85f80001c25bc4,Med,0,2,0.5
5ddaa1e583e309a04100bd57,Low,0.666666667,16,0.583218073
5d5fa32a0fc94a0001632ac7,Low,0,1,0.5